RECTYPE,ALPHAIND,LEA,ESTAB,URN,SCHNAME,ADDRESS1,ADDRESS2,ADDRESS3,TOWN,PCODE,TELNUM,PCON_CODE,PCON_NAME,URN_AC,SCHNAME_AC,OPEN_AC,NFTYPE,ICLOSE,RELDENOM,AGERANGE,TAB15,TAB1618,TOTPUPS,TPUPYEAR,TELIG,BELIG,GELIG,PBELIG,PGELIG,TKS1AVERAGE,TKS1GROUP_L,PTKS1GROUP_L,TKS1GROUP_M,PTKS1GROUP_M,TKS1GROUP_H,PTKS1GROUP_H,TKS1GROUP_NA,PTKS1GROUP_NA,TFSM6CLA1A,PTFSM6CLA1A,TNOTFSM6CLA1A,PTNOTFSM6CLA1A,TEALGRP2,PTEALGRP2,TMOBN,PTMOBN,PTRWM_EXP,PTRWM_HIGH,READPROG,READPROG_LOWER,READPROG_UPPER,READCOV,WRITPROG,WRITPROG_LOWER,WRITPROG_UPPER,WRITCOV,MATPROG,MATPROG_LOWER,MATPROG_UPPER,MATCOV,PTREAD_EXP,PTREAD_HIGH,PTREAD_AT,READ_AVERAGE,PTGPS_EXP,PTGPS_HIGH,PTGPS_AT,GPS_AVERAGE,PTMAT_EXP,PTMAT_HIGH,PTMAT_AT,MAT_AVERAGE,PTWRITTA_EXP,PTWRITTA_HIGH,PTWRITTA_WTS,PTWRITTA_AD,PTSCITA_EXP,PTSCITA_AD,PTRWM_EXP_B,PTRWM_EXP_G,PTRWM_EXP_L,PTRWM_EXP_M,PTRWM_EXP_H,PTRWM_EXP_FSM6CLA1A,PTRWM_EXP_NotFSM6CLA1A,DIFFN_RWM_EXP,PTRWM_EXP_EAL,PTRWM_EXP_MOBN,PTRWM_HIGH_B,PTRWM_HIGH_G,PTRWM_HIGH_L,PTRWM_HIGH_M,PTRWM_HIGH_H,PTRWM_HIGH_FSM6CLA1A,PTRWM_HIGH_NotFSM6CLA1A,DIFFN_RWM_HIGH,PTRWM_HIGH_EAL,PTRWM_HIGH_MOBN,READPROG_B,READPROG_B_LOWER,READPROG_B_UPPER,READPROG_G,READPROG_G_LOWER,READPROG_G_UPPER,READPROG_L,READPROG_L_LOWER,READPROG_L_UPPER,READPROG_M,READPROG_M_LOWER,READPROG_M_UPPER,READPROG_H,READPROG_H_LOWER,READPROG_H_UPPER,READPROG_FSM6CLA1A,READPROG_FSM6CLA1A_LOWER,READPROG_FSM6CLA1A_UPPER,READPROG_NotFSM6CLA1A,READPROG_NotFSM6CLA1A_LOWER,READPROG_NotFSM6CLA1A_UPPER,DIFFN_READPROG,READPROG_EAL,READPROG_EAL_LOWER,READPROG_EAL_UPPER,READPROG_MOBN,READPROG_MOBN_LOWER,READPROG_MOBN_UPPER,WRITPROG_B,WRITPROG_B_LOWER,WRITPROG_B_UPPER,WRITPROG_G,WRITPROG_G_LOWER,WRITPROG_G_UPPER,WRITPROG_L,WRITPROG_L_LOWER,WRITPROG_L_UPPER,WRITPROG_M,WRITPROG_M_LOWER,WRITPROG_M_UPPER,WRITPROG_H,WRITPROG_H_LOWER,WRITPROG_H_UPPER,WRITPROG_FSM6CLA1A,WRITPROG_FSM6CLA1A_LOWER,WRITPROG_FSM6CLA1A_UPPER,WRITPROG_NotFSM6CLA1A,WRITPROG_NotFSM6CLA1A_LOWER,WRITPROG_NotFSM6CLA1A_UPPER,DIFFN_WRITPROG,WRITPROG_EAL,WRITPROG_EAL_LOWER,WRITPROG_EAL_UPPER,WRITPROG_MOBN,WRITPROG_MOBN_LOWER,WRITPROG_MOBN_UPPER,MATPROG_B,MATPROG_B_LOWER,MATPROG_B_UPPER,MATPROG_G,MATPROG_G_LOWER,MATPROG_G_UPPER,MATPROG_L,MATPROG_L_LOWER,MATPROG_L_UPPER,MATPROG_M,MATPROG_M_LOWER,MATPROG_M_UPPER,MATPROG_H,MATPROG_H_LOWER,MATPROG_H_UPPER,MATPROG_FSM6CLA1A,MATPROG_FSM6CLA1A_LOWER,MATPROG_FSM6CLA1A_UPPER,MATPROG_NotFSM6CLA1A,MATPROG_NotFSM6CLA1A_LOWER,MATPROG_NotFSM6CLA1A_UPPER,DIFFN_MATPROG,MATPROG_EAL,MATPROG_EAL_LOWER,MATPROG_EAL_UPPER,MATPROG_MOBN,MATPROG_MOBN_LOWER,MATPROG_MOBN_UPPER,READ_AVERAGE_B,READ_AVERAGE_G,READ_AVERAGE_L,READ_AVERAGE_M,READ_AVERAGE_H,READ_AVERAGE_FSM6CLA1A,READ_AVERAGE_NotFSM6CLA1A,READ_AVERAGE_EAL,READ_AVERAGE_MOBN,MAT_AVERAGE_B,MAT_AVERAGE_G,MAT_AVERAGE_L,MAT_AVERAGE_M,MAT_AVERAGE_H,MAT_AVERAGE_FSM6CLA1A,MAT_AVERAGE_NotFSM6CLA1A,MAT_AVERAGE_EAL,MAT_AVERAGE_MOBN,GPS_AVERAGE_B,GPS_AVERAGE_G,GPS_AVERAGE_L,GPS_AVERAGE_M,GPS_AVERAGE_H,GPS_AVERAGE_FSM6CLA1A,GPS_AVERAGE_NotFSM6CLA1A,GPS_AVERAGE_EAL,GPS_AVERAGE_MOBN,PTREAD_EXP_L,PTREAD_EXP_M,PTREAD_EXP_H,PTREAD_EXP_FSM6CLA1A,PTREAD_EXP_NotFSM6CLA1A,PTGPS_EXP_L,PTGPS_EXP_M,PTGPS_EXP_H,PTGPS_EXP_FSM6CLA1A,PTGPS_EXP_NotFSM6CLA1A,PTMAT_EXP_L,PTMAT_EXP_M,PTMAT_EXP_H,PTMAT_EXP_FSM6CLA1A,PTMAT_EXP_NotFSM6CLA1A,PTWRITTA_EXP_L,PTWRITTA_EXP_M,PTWRITTA_EXP_H,PTWRITTA_EXP_FSM6CLA1A,PTWRITTA_EXP_NotFSM6CLA1A,PTREAD_HIGH_L,PTREAD_HIGH_M,PTREAD_HIGH_H,PTREAD_HIGH_FSM6CLA1A,PTREAD_HIGH_NotFSM6CLA1A,PTGPS_HIGH_L,PTGPS_HIGH_M,PTGPS_HIGH_H,PTGPS_HIGH_FSM6CLA1A,PTGPS_HIGH_NotFSM6CLA1A,PTMAT_HIGH_L,PTMAT_HIGH_M,PTMAT_HIGH_H,PTMAT_HIGH_FSM6CLA1A,PTMAT_HIGH_NotFSM6CLA1A,PTWRITTA_HIGH_L,PTWRITTA_HIGH_M,PTWRITTA_HIGH_H,PTWRITTA_HIGH_FSM6CLA1A,PTWRITTA_HIGH_NotFSM6CLA1A,TEALGRP1,PTEALGRP1,TEALGRP3,PTEALGRP3,TSENELE,PSENELE,TSENELK,PSENELK,TSENELEK,PSENELEK,TELIG_23,PTFSM6CLA1A_23,PTNOTFSM6CLA1A_23,PTRWM_EXP_23,PTRWM_HIGH_23,PTRWM_EXP_FSM6CLA1A_23,PTRWM_HIGH_FSM6CLA1A_23,PTRWM_EXP_NotFSM6CLA1A_23,PTRWM_HIGH_NotFSM6CLA1A_23,READPROG_23,READPROG_LOWER_23,READPROG_UPPER_23,WRITPROG_23,WRITPROG_LOWER_23,WRITPROG_UPPER_23,MATPROG_23,MATPROG_LOWER_23,MATPROG_UPPER_23,READ_AVERAGE_23,MAT_AVERAGE_23,TELIG_22,PTFSM6CLA1A_22,PTNOTFSM6CLA1A_22,PTRWM_EXP_22,PTRWM_HIGH_22,PTRWM_EXP_FSM6CLA1A_22,PTRWM_HIGH_FSM6CLA1A_22,PTRWM_EXP_NotFSM6CLA1A_22,PTRWM_HIGH_NotFSM6CLA1A_22,READPROG_22,READPROG_LOWER_22,READPROG_UPPER_22,WRITPROG_22,WRITPROG_LOWER_22,WRITPROG_UPPER_22,MATPROG_22,MATPROG_LOWER_22,MATPROG_UPPER_22,READ_AVERAGE_22,MAT_AVERAGE_22,READPROG_UNADJUSTED,WRITPROG_UNADJUSTED,MATPROG_UNADJUSTED,READPROG_DESCR,WRITPROG_DESCR,MATPROG_DESCR
1,25158,870,2035,146275,St Mary & All Saints Church of England Primary School,Wensley Road,Coley Park,,Reading,RG1 6DU,1189015545,E14001438,Reading Central,0,,,AC,0,Church of England,3-11,0,0,336,47,46,21,25,46%,54%,,,,,,,,,,16,35%,30,65%,15,33%,40,87%,50%,2%,,,,,,,,,,,,,59%,9%,2%,102,54%,13%,2%,101,74%,13%,2%,103,61%,2%,33%,0%,57%,2%,38%,60%,,,,44%,53%,-23,40%,50%,5%,0%,,,,0%,3%,-10,0%,3%,,,,,,,,,,,,,,,,,,,,,,,,,,,,,,,,,,,,,,,,,,,,,,,,,,,,,,,,,,,,,,,,,,,,,,,,,,,,,,,,,,,,,100,104,,,,102,102,99,103,104,103,,,,102,104,101,104,100,101,,,,100,101,99,101,,,,56%,60%,,,,38%,63%,,,,69%,77%,,,,50%,67%,,,,0%,13%,,,,13%,13%,,,,0%,20%,,,,0%,3%,29,63%,2,4%,1,2%,9,20%,10,22%,30,53%,47%,37%,0%,25%,0%,50%,0%,4,1.6,6.3,3.1,0.8,5.4,1.6,-0.7,3.8,101,98
1,4898,870,2233,109925,Caversham Park Primary School,Queensway,Caversham Park Village,,Reading,RG4 6RP,1189375433,E14001438,Reading Central,0,,,CY,0,Does not apply,5-11,0,0,124,23,23,8,15,35%,65%,,,,,,,,,,5,22%,18,78%,8,35%,21,91%,61%,9%,,,,,,,,,,,,,70%,26%,0%,105,83%,35%,0%,106,78%,26%,0%,106,70%,9%,26%,0%,78%,0%,25%,80%,,,,SUPP,SUPP,SUPP,50%,67%,0%,13%,,,,SUPP,SUPP,SUPP,0%,10%,,,,,,,,,,,,,,,,,,,,,,,,,,,,,,,,,,,,,,,,,,,,,,,,,,,,,,,,,,,,,,,,,,,,,,,,,,,,,,,,,,,,,102,107,,,,SUPP,SUPP,102,106,104,108,,,,SUPP,SUPP,108,107,101,109,,,,SUPP,SUPP,105,107,,,,SUPP,SUPP,,,,SUPP,SUPP,,,,SUPP,SUPP,,,,SUPP,SUPP,,,,SUPP,SUPP,,,,SUPP,SUPP,,,,SUPP,SUPP,,,,SUPP,SUPP,15,65%,0,0%,0,0%,5,22%,5,22%,26,8%,92%,54%,12%,SUPP,SUPP,SUPP,SUPP,0.7,-1.9,3.2,-0.6,-3.1,1.9,1.9,-0.5,4.3,106,106
1,5576,870,3305,110005,Christ The King Catholic Primary School,Lulworth Road,,,Reading,RG2 8LX,1189375434,E14001210,Earley and Woodley,0,,,VA,0,Roman Catholic,3-11,0,0,327,47,47,27,20,57%,43%,,,,,,,,,,20,43%,27,57%,20,43%,41,87%,47%,6%,,,,,,,,,,,,,64%,26%,0%,103,60%,26%,0%,103,64%,26%,0%,103,55%,6%,15%,0%,72%,0%,44%,50%,,,,35%,56%,-32,45%,54%,11%,0%,,,,0%,11%,-10,5%,7%,,,,,,,,,,,,,,,,,,,,,,,,,,,,,,,,,,,,,,,,,,,,,,,,,,,,,,,,,,,,,,,,,,,,,,,,,,,,,,,,,,,,,102,104,,,,100,105,103,104,104,101,,,,99,106,104,104,102,104,,,,99,106,104,104,,,,55%,70%,,,,50%,67%,,,,45%,78%,,,,40%,67%,,,,10%,37%,,,,10%,37%,,,,5%,41%,,,,0%,11%,27,57%,0,0%,7,15%,13,28%,20,43%,49,33%,67%,49%,4%,44%,6%,52%,3%,2.5,0.7,4.2,1.8,0.1,3.5,4.9,3.2,6.6,103,105
1,416,870,2000,109776,Alfred Sutton Primary School,148 Wokingham Road,,,Reading,RG6 1JR,1189375411,E14001438,Reading Central,0,,,CY,0,Does not apply,3-11,0,0,683,90,88,51,37,58%,42%,,,,,,,,,,22,25%,66,75%,36,41%,80,91%,83%,20%,,,,,,,,,,,,,86%,45%,0%,108,88%,53%,0%,110,93%,52%,0%,109,85%,23%,15%,0%,84%,0%,84%,81%,,,,64%,89%,-3,86%,83%,22%,19%,,,,9%,24%,-1,22%,19%,,,,,,,,,,,,,,,,,,,,,,,,,,,,,,,,,,,,,,,,,,,,,,,,,,,,,,,,,,,,,,,,,,,,,,,,,,,,,,,,,,,,,109,106,,,,103,109,108,108,110,107,,,,104,110,110,108,110,110,,,,106,111,112,110,,,,68%,92%,,,,77%,91%,,,,86%,95%,,,,64%,92%,,,,27%,52%,,,,32%,61%,,,,18%,64%,,,,14%,26%,52,59%,0,0%,0,0%,14,16%,14,16%,86,23%,77%,80%,21%,60%,10%,86%,24%,1.6,0.1,3.1,3.1,1.7,4.5,4.2,2.8,5.5,108,110
1,9704,870,2007,109781,Geoffrey Field Junior School,Exbourne Road,,,Reading,RG2 8RH,1189375475,E14001210,Earley and Woodley,0,,,CY,0,Does not apply,7-11,0,0,354,87,87,40,47,46%,54%,,,,,,,,,,37,43%,50,57%,19,22%,79,91%,62%,8%,,,,,,,,,,,,,75%,31%,2%,106,59%,32%,2%,104,76%,21%,1%,104,74%,14%,22%,1%,84%,1%,68%,57%,,,,51%,70%,-16,68%,65%,10%,6%,,,,8%,8%,-2,16%,8%,,,,,,,,,,,,,,,,,,,,,,,,,,,,,,,,,,,,,,,,,,,,,,,,,,,,,,,,,,,,,,,,,,,,,,,,,,,,,,,,,,,,,107,105,,,,104,107,106,106,106,103,,,,102,106,107,104,105,103,,,,102,105,108,103,,,,73%,76%,,,,51%,64%,,,,62%,86%,,,,65%,80%,,,,27%,34%,,,,30%,34%,,,,14%,26%,,,,14%,14%,68,78%,0,0%,5,6%,11,13%,16,18%,90,37%,63%,60%,4%,39%,3%,71%,5%,-1.8,-3.2,-0.5,-1.3,-2.6,0,-0.6,-1.8,0.7,104,104
1,21316,870,2018,109787,Redlands Primary School,Lydford Road,,,Reading,RG1 5QH,1189375527,E14001438,Reading Central,0,,,CY,0,Does not apply,3-11,0,0,213,30,30,12,18,40%,60%,,,,,,,,,,6,20%,24,80%,19,63%,25,83%,87%,7%,,,,,,,,,,,,,90%,40%,0%,110,93%,43%,0%,110,93%,30%,0%,107,90%,7%,3%,0%,93%,0%,75%,94%,,,,83%,88%,16,79%,96%,8%,6%,,,,0%,8%,-10,11%,8%,,,,,,,,,,,,,,,,,,,,,,,,,,,,,,,,,,,,,,,,,,,,,,,,,,,,,,,,,,,,,,,,,,,,,,,,,,,,,,,,,,,,,110,109,,,,107,110,109,110,108,107,,,,107,107,108,108,109,110,,,,108,110,110,110,,,,83%,92%,,,,100%,92%,,,,100%,92%,,,,100%,88%,,,,33%,42%,,,,33%,46%,,,,17%,33%,,,,0%,8%,11,37%,0,0%,0,0%,2,7%,2,7%,29,14%,86%,78%,4%,SUPP,SUPP,SUPP,SUPP,1.3,-1.2,3.9,1.7,-0.7,4.1,1.6,-0.8,4,107,106
1,21120,870,2025,142072,Ranikhet Academy,Spey Road,Tilehurst,,Reading,RG30 4ED,1189375520,E14001439,Reading West and Mid Berkshire,0,,,AC,0,Does not apply,3-11,0,0,247,36,35,15,20,43%,57%,,,,,,,,,,18,51%,17,49%,16,46%,28,80%,51%,9%,,,,,,,,,,,,,66%,17%,0%,102,66%,14%,0%,101,63%,17%,0%,103,77%,17%,23%,0%,86%,0%,67%,40%,,,,39%,65%,-28,56%,46%,13%,5%,,,,6%,12%,-4,13%,11%,,,,,,,,,,,,,,,,,,,,,,,,,,,,,,,,,,,,,,,,,,,,,,,,,,,,,,,,,,,,,,,,,,,,,,,,,,,,,,,,,,,,,103,101,,,,102,103,102,102,106,100,,,,101,105,104,102,103,100,,,,99,104,104,101,,,,61%,71%,,,,50%,82%,,,,56%,71%,,,,72%,82%,,,,17%,18%,,,,11%,18%,,,,6%,29%,,,,11%,24%,19,54%,0,0%,0,0%,7,20%,7,20%,28,57%,43%,43%,4%,25%,0%,67%,8%,-0.8,-3.6,2,-1.2,-3.9,1.5,-1.7,-4.3,1,105,102
1,8444,870,3304,110004,English Martyrs' Catholic Primary School,Dee Road,Tilehurst,,Reading,RG30 4BE,1189375466,E14001439,Reading West and Mid Berkshire,0,,,VA,0,Roman Catholic,3-11,0,0,433,64,64,30,34,47%,53%,,,,,,,,,,17,27%,47,73%,28,44%,60,94%,52%,2%,,,,,,,,,,,,,78%,34%,0%,106,70%,38%,0%,106,78%,28%,0%,105,55%,3%,33%,0%,80%,2%,40%,62%,,,,29%,60%,-38,61%,52%,3%,0%,,,,0%,2%,-10,4%,2%,,,,,,,,,,,,,,,,,,,,,,,,,,,,,,,,,,,,,,,,,,,,,,,,,,,,,,,,,,,,,,,,,,,,,,,,,,,,,,,,,,,,,104,107,,,,105,106,106,106,106,104,,,,100,106,108,105,106,106,,,,102,107,108,106,,,,65%,83%,,,,47%,79%,,,,53%,87%,,,,29%,64%,,,,29%,36%,,,,24%,43%,,,,12%,34%,,,,6%,2%,36,56%,0,0%,5,8%,13,20%,18,28%,64,20%,80%,53%,6%,31%,0%,59%,8%,0.3,-1.3,1.9,-1.8,-3.3,-0.2,1.6,0,3.1,105,106
1,32222,870,3361,136512,Whitley Park Primary and Nursery School,Brixham Road,,,Reading,RG2 7RB,1189375566,E14001210,Earley and Woodley,0,,,CY,0,Does not apply,3-11,0,0,571,82,84,44,40,52%,48%,,,,,,,,,,28,33%,56,67%,28,33%,67,80%,46%,0%,,,,,,,,,,,,,65%,29%,0%,103,55%,20%,0%,101,61%,20%,1%,101,48%,1%,15%,0%,77%,0%,52%,40%,,,,29%,55%,-38,61%,48%,0%,0%,,,,0%,0%,-10,0%,0%,,,,,,,,,,,,,,,,,,,,,,,,,,,,,,,,,,,,,,,,,,,,,,,,,,,,,,,,,,,,,,,,,,,,,,,,,,,,,,,,,,,,,104,102,,,,101,104,104,103,103,99,,,,97,103,104,101,101,102,,,,98,103,104,101,,,,57%,70%,,,,36%,64%,,,,43%,70%,,,,29%,57%,,,,18%,34%,,,,11%,25%,,,,11%,25%,,,,4%,0%,55,65%,1,1%,3,4%,24,29%,27,32%,89,42%,58%,34%,3%,24%,0%,40%,6%,-1.4,-2.8,0.1,-0.6,-2,0.8,-1.3,-2.7,0.1,101,101
3,,870,,,Reading,,,,,,,,,,,,,,,,,,13964,2027,2002,1003,999,50%,50%,,,,,,,,,,523,26%,1479,74%,726,36%,1759,88%,60%,7%,,,,,,,,,,,,,75%,33%,1%,106,72%,36%,1%,106,73%,28%,1%,105,67%,10%,23%,0%,81%,0%,55%,64%,,,,41%,66%,-26,65%,61%,6%,9%,,,,2%,9%,-8,8%,7%,,,,,,,,,,,,,,,,,,,,,,,,,,,,,,,,,,,,,,,,,,,,,,,,,,,,,,,,,,,,,,,,,,,,,,,,,,,,,,,,,,,,,105,107,,,,103,107,106,106,105,105,,,,101,106,107,105,105,107,,,,101,107,108,106,,,,61%,79%,,,,54%,78%,,,,56%,80%,,,,50%,73%,,,,19%,38%,,,,18%,42%,,,,11%,34%,,,,5%,11%,1257,63%,19,1%,123,6%,333,17%,456,23%,1944,28%,72%,57%,8%,37%,3%,64%,11%,0.3,0,0.6,-0.4,-0.7,-0.1,0.3,0,0.6,105,104
1,554,870,2002,137281,All Saints Junior School,"August House, Brownlow Road",,,Reading,RG1 6NP,1189393362,E14001438,Reading Central,0,,,F,0,None,7-11,0,0,96,25,25,11,14,44%,56%,,,,,,,,,,3,12%,22,88%,4,16%,23,92%,92%,16%,,,,,,,,,,,,,96%,56%,0%,110,100%,60%,0%,111,96%,32%,0%,107,92%,24%,8%,0%,100%,0%,82%,100%,,,,SUPP,SUPP,SUPP,SUPP,91%,18%,14%,,,,SUPP,SUPP,SUPP,SUPP,17%,,,,,,,,,,,,,,,,,,,,,,,,,,,,,,,,,,,,,,,,,,,,,,,,,,,,,,,,,,,,,,,,,,,,,,,,,,,,,,,,,,,,,110,111,,,,SUPP,SUPP,SUPP,110,108,107,,,,SUPP,SUPP,SUPP,108,112,110,,,,SUPP,SUPP,SUPP,111,,,,SUPP,SUPP,,,,SUPP,SUPP,,,,SUPP,SUPP,,,,SUPP,SUPP,,,,SUPP,SUPP,,,,SUPP,SUPP,,,,SUPP,SUPP,,,,SUPP,SUPP,21,84%,0,0%,0,0%,6,24%,6,24%,24,17%,83%,79%,29%,SUPP,SUPP,SUPP,SUPP,2.8,0.3,5.4,2.6,0.1,5.1,5.6,3.2,8,110,112
1,6114,870,2005,109779,Coley Primary School,Wolseley Street,,,Reading,RG1 6AZ,1189375461,E14001438,Reading Central,0,,,CY,0,Does not apply,3-11,0,0,254,30,30,20,10,67%,33%,,,,,,,,,,8,27%,22,73%,15,50%,23,77%,47%,10%,,,,,,,,,,,,,63%,27%,0%,104,57%,30%,7%,104,70%,23%,3%,105,57%,13%,20%,0%,63%,0%,30%,80%,,,,38%,50%,-29,53%,52%,0%,30%,,,,0%,14%,-10,20%,9%,,,,,,,,,,,,,,,,,,,,,,,,,,,,,,,,,,,,,,,,,,,,,,,,,,,,,,,,,,,,,,,,,,,,,,,,,,,,,,,,,,,,,101,108,,,,102,104,104,106,102,109,,,,101,106,107,104,101,110,,,,100,106,105,105,,,,50%,68%,,,,38%,64%,,,,50%,77%,,,,38%,64%,,,,25%,27%,,,,25%,32%,,,,13%,27%,,,,0%,18%,15,50%,0,0%,3,10%,7,23%,10,33%,30,20%,80%,63%,27%,33%,0%,71%,33%,3.5,0.9,6.1,5.1,2.6,7.6,2.1,-0.4,4.5,107,106
1,7750,870,2006,109780,E P Collier Primary School,Ross Road,,,Reading,RG1 8DZ,1189375470,E14001438,Reading Central,0,,,CY,0,Does not apply,3-11,0,0,405,57,60,30,30,50%,50%,,,,,,,,,,16,27%,44,73%,30,50%,43,72%,60%,5%,,,,,,,,,,,,,75%,28%,0%,105,75%,45%,0%,107,68%,33%,0%,104,70%,7%,25%,0%,90%,0%,47%,73%,,,,44%,66%,-23,67%,60%,0%,10%,,,,0%,7%,-10,10%,7%,,,,,,,,,,,,,,,,,,,,,,,,,,,,,,,,,,,,,,,,,,,,,,,,,,,,,,,,,,,,,,,,,,,,,,,,,,,,,,,,,,,,,101,108,,,,102,105,105,106,102,107,,,,99,106,107,105,104,111,,,,105,108,109,108,,,,69%,77%,,,,63%,80%,,,,50%,75%,,,,56%,75%,,,,13%,34%,,,,38%,48%,,,,6%,43%,,,,6%,7%,27,45%,3,5%,7,12%,8,13%,15,25%,46,28%,72%,61%,11%,38%,0%,70%,15%,1.3,-0.8,3.5,1.8,-0.2,3.8,1.3,-0.8,3.3,105,104
1,12268,870,2019,109788,The Hill Primary School,Peppard Road,Emmer Green,,Reading,RG4 8TU,1189375560,E14001438,Reading Central,0,,,CY,0,Does not apply,4-11,0,0,401,59,59,31,28,53%,47%,,,,,,,,,,5,8%,54,92%,16,27%,51,86%,66%,5%,,,,,,,,,,,,,85%,41%,2%,108,78%,34%,2%,106,76%,29%,2%,105,71%,5%,24%,0%,93%,2%,61%,71%,,,,SUPP,SUPP,SUPP,88%,67%,0%,11%,,,,SUPP,SUPP,SUPP,6%,4%,,,,,,,,,,,,,,,,,,,,,,,,,,,,,,,,,,,,,,,,,,,,,,,,,,,,,,,,,,,,,,,,,,,,,,,,,,,,,,,,,,,,,107,108,,,,SUPP,SUPP,110,108,105,106,,,,SUPP,SUPP,111,105,107,106,,,,SUPP,SUPP,112,106,,,,SUPP,SUPP,,,,SUPP,SUPP,,,,SUPP,SUPP,,,,SUPP,SUPP,,,,SUPP,SUPP,,,,SUPP,SUPP,,,,SUPP,SUPP,,,,SUPP,SUPP,41,69%,2,3%,3,5%,15,25%,18,31%,54,4%,96%,67%,11%,SUPP,SUPP,SUPP,SUPP,1.3,-0.5,3.1,-0.8,-2.6,0.9,0.2,-1.5,1.9,107,106
1,21516,870,2020,109789,The Ridgeway Primary School,Hillbrow,,,Reading,RG2 8JD,1189375530,E14001210,Earley and Woodley,0,,,CY,0,Does not apply,3-11,0,0,410,57,58,28,30,48%,52%,,,,,,,,,,17,29%,41,71%,20,34%,45,78%,55%,3%,,,,,,,,,,,,,71%,33%,2%,106,69%,24%,0%,105,71%,24%,0%,105,64%,10%,22%,0%,76%,0%,57%,53%,,,,47%,59%,-20,60%,58%,4%,3%,,,,0%,5%,-10,10%,4%,,,,,,,,,,,,,,,,,,,,,,,,,,,,,,,,,,,,,,,,,,,,,,,,,,,,,,,,,,,,,,,,,,,,,,,,,,,,,,,,,,,,,106,105,,,,105,106,105,106,107,103,,,,100,107,108,105,106,104,,,,101,106,109,105,,,,65%,73%,,,,65%,71%,,,,53%,78%,,,,59%,66%,,,,29%,34%,,,,0%,34%,,,,0%,34%,,,,12%,10%,37,64%,1,2%,5,9%,12,21%,17,29%,58,47%,53%,45%,5%,15%,0%,71%,10%,-0.2,-1.9,1.6,-2.8,-4.5,-1.2,-1.3,-3,0.3,104,102
2,29790,870,7000,139728,Thames Valley School,2 Conwy Close,Tilehurst,,Reading,RG30 4BZ,1189424750,E14001439,Reading West and Mid Berkshire,0,,,FS,0,Does not apply,4-16,0,0,55,8,8,8,0,100%,0%,,,,,,,,,,4,50%,4,50%,0,0%,5,63%,38%,0%,,,,,,,,,,,,,63%,38%,0%,103,25%,0%,0%,95,38%,13%,0%,96,38%,0%,0%,0%,38%,0%,38%,,,,,SUPP,SUPP,SUPP,,SUPP,0%,,,,,SUPP,SUPP,SUPP,,SUPP,,,,,,,,,,,,,,,,,,,,,,,,,,,,,,,,,,,,,,,,,,,,,,,,,,,,,,,,,,,,,,,,,,,,,,,,,,,,,,,,,,,,,103,,,,,SUPP,SUPP,,SUPP,96,,,,,SUPP,SUPP,,SUPP,95,,,,,SUPP,SUPP,,SUPP,,,,SUPP,SUPP,,,,SUPP,SUPP,,,,SUPP,SUPP,,,,SUPP,SUPP,,,,SUPP,SUPP,,,,SUPP,SUPP,,,,SUPP,SUPP,,,,SUPP,SUPP,8,100%,0,0%,8,100%,0,0%,8,100%,3,SUPP,SUPP,SUPP,SUPP,SUPP,SUPP,SUPP,SUPP,SUPP,SUPP,SUPP,SUPP,SUPP,SUPP,SUPP,SUPP,SUPP,SUPP,SUPP
2,12642,870,7036,110193,The Holy Brook School,145 Ashampstead Road,Southcote,,Reading,RG30 3LJ,1189375489,E14001438,Reading Central,0,,,CYS,0,Does not apply,5-11,0,0,31,8,10,10,0,100%,0%,,,,,,,,,,6,60%,4,40%,0,0%,10,100%,0%,0%,,,,,,,,,,,,,0%,0%,0%,,0%,0%,0%,,0%,0%,0%,,0%,0%,20%,0%,20%,0%,0%,,,,,SUPP,SUPP,SUPP,,0%,0%,,,,,SUPP,SUPP,SUPP,,0%,,,,,,,,,,,,,,,,,,,,,,,,,,,,,,,,,,,,,,,,,,,,,,,,,,,,,,,,,,,,,,,,,,,,,,,,,,,,,,,,,,,,,,,,,,SUPP,SUPP,,,,,,,,SUPP,SUPP,,,,,,,,SUPP,SUPP,,,,,,SUPP,SUPP,,,,SUPP,SUPP,,,,SUPP,SUPP,,,,SUPP,SUPP,,,,SUPP,SUPP,,,,SUPP,SUPP,,,,SUPP,SUPP,,,,SUPP,SUPP,10,100%,0,0%,10,100%,0,0%,10,100%,11,82%,18%,0%,0%,SUPP,SUPP,SUPP,SUPP,-10.3,-14,-6.6,-4.1,-7.7,-0.5,-9.8,-13.3,-6.3
1,19794,870,2012,139653,The Palmer Primary Academy,70 Northumberland Avenue,,,Reading,RG2 7PP,1189375481,E14001438,Reading Central,0,,,AC,0,Does not apply,3-11,0,0,454,57,54,26,28,48%,52%,,,,,,,,,,22,41%,32,59%,22,41%,47,87%,57%,4%,,,,,,,,,,,,,67%,19%,0%,103,61%,31%,0%,104,65%,17%,0%,102,61%,4%,33%,0%,76%,0%,46%,68%,,,,32%,75%,-35,77%,55%,8%,0%,,,,5%,3%,-5,5%,2%,,,,,,,,,,,,,,,,,,,,,,,,,,,,,,,,,,,,,,,,,,,,,,,,,,,,,,,,,,,,,,,,,,,,,,,,,,,,,,,,,,,,,103,104,,,,101,105,107,103,101,103,,,,99,104,106,102,103,104,,,,99,107,108,103,,,,50%,78%,,,,36%,78%,,,,41%,81%,,,,41%,75%,,,,5%,28%,,,,14%,44%,,,,9%,22%,,,,5%,3%,32,59%,0,0%,2,4%,12,22%,14,26%,58,36%,64%,53%,5%,24%,0%,70%,8%,-1,-2.7,0.8,-1.1,-2.8,0.5,-0.5,-2.1,1.1,103,103
1,28468,870,2027,109795,Southcote Primary School,Silchester Road,Southcote,,Reading,RG30 3EJ,1189375533,E14001438,Reading Central,0,,,CY,0,Does not apply,4-11,0,0,558,87,88,46,42,52%,48%,,,,,,,,,,18,20%,70,80%,18,20%,80,91%,52%,2%,,,,,,,,,,,,,67%,28%,0%,106,67%,38%,0%,106,65%,25%,0%,104,63%,2%,30%,0%,85%,0%,50%,55%,,,,33%,57%,-34,61%,53%,2%,2%,,,,0%,3%,-10,6%,3%,,,,,,,,,,,,,,,,,,,,,,,,,,,,,,,,,,,,,,,,,,,,,,,,,,,,,,,,,,,,,,,,,,,,,,,,,,,,,,,,,,,,,105,106,,,,102,106,106,105,104,104,,,,99,105,108,104,105,107,,,,102,107,111,106,,,,44%,73%,,,,56%,70%,,,,44%,70%,,,,44%,67%,,,,22%,30%,,,,17%,43%,,,,11%,29%,,,,0%,3%,68,77%,2,2%,3,3%,7,8%,10,11%,84,20%,80%,42%,1%,24%,0%,46%,1%,-2.4,-3.8,-1,-2.2,-3.6,-0.9,-2.1,-3.4,-0.8,102,102
1,26008,870,2029,109796,St Michael's Primary School,Dee Road,Tilehurst,,Reading,RG30 4AS,1189015550,E14001439,Reading West and Mid Berkshire,0,,,CY,0,Does not apply,5-11,0,0,401,59,60,29,31,48%,52%,,,,,,,,,,20,33%,40,67%,16,27%,53,88%,52%,0%,,,,,,,,,,,,,73%,22%,0%,105,67%,30%,0%,104,65%,15%,0%,102,72%,2%,25%,2%,78%,2%,38%,65%,,,,45%,55%,-22,69%,55%,0%,0%,,,,0%,0%,-10,0%,0%,,,,,,,,,,,,,,,,,,,,,,,,,,,,,,,,,,,,,,,,,,,,,,,,,,,,,,,,,,,,,,,,,,,,,,,,,,,,,,,,,,,,,103,106,,,,105,104,105,105,101,102,,,,103,101,105,102,102,106,,,,103,105,108,105,,,,70%,75%,,,,55%,73%,,,,65%,65%,,,,70%,73%,,,,25%,20%,,,,30%,30%,,,,20%,13%,,,,0%,3%,43,72%,1,2%,1,2%,9,15%,10,17%,60,42%,58%,53%,8%,48%,8%,57%,9%,-1.1,-2.8,0.5,1.4,-0.1,2.9,-0.4,-1.9,1.1,104,103
1,5682,870,2031,136457,Churchend Primary Academy,Usk Road,Tilehurst,,Reading,RG30 4HP,1189375450,E14001439,Reading West and Mid Berkshire,0,,,ACC,0,Does not apply,3-11,0,0,450,64,63,31,32,49%,51%,,,,,,,,,,10,16%,53,84%,19,30%,61,97%,65%,10%,,,,,,,,,,,,,86%,44%,2%,108,87%,51%,2%,110,84%,41%,2%,107,71%,14%,27%,0%,92%,0%,52%,78%,,,,30%,72%,-37,79%,64%,3%,16%,,,,0%,11%,-10,16%,10%,,,,,,,,,,,,,,,,,,,,,,,,,,,,,,,,,,,,,,,,,,,,,,,,,,,,,,,,,,,,,,,,,,,,,,,,,,,,,,,,,,,,,108,109,,,,103,109,110,108,108,107,,,,102,108,111,107,109,110,,,,101,111,114,109,,,,60%,91%,,,,50%,94%,,,,60%,89%,,,,30%,79%,,,,10%,51%,,,,10%,58%,,,,10%,47%,,,,0%,17%,44,70%,0,0%,1,2%,13,21%,14,22%,59,29%,71%,66%,15%,47%,6%,74%,19%,3,1.3,4.6,-1.5,-3.1,0,3.3,1.7,4.8,109,108
1,1822,870,2011,139066,Battle Primary Academy,Cranbury Road,,,Reading,RG30 2TD,1189375421,E14001438,Reading Central,0,,,AC,0,Does not apply,3-11,0,0,458,58,59,31,28,53%,47%,,,,,,,,,,16,27%,43,73%,26,44%,52,88%,66%,8%,,,,,,,,,,,,,78%,39%,0%,106,76%,47%,0%,107,76%,24%,0%,104,73%,10%,25%,0%,83%,0%,58%,75%,,,,63%,67%,-4,77%,67%,10%,7%,,,,6%,9%,-4,4%,10%,,,,,,,,,,,,,,,,,,,,,,,,,,,,,,,,,,,,,,,,,,,,,,,,,,,,,,,,,,,,,,,,,,,,,,,,,,,,,,,,,,,,,104,109,,,,104,107,106,106,104,104,,,,102,105,105,104,106,108,,,,106,107,106,107,,,,81%,77%,,,,81%,74%,,,,63%,81%,,,,75%,72%,,,,38%,40%,,,,50%,47%,,,,19%,26%,,,,13%,9%,33,56%,0,0%,1,2%,4,7%,5,8%,57,19%,81%,44%,0%,27%,0%,48%,0%,0.8,-1.1,2.7,-2.9,-4.8,-1.1,-0.9,-2.7,0.9,103,101
1,18032,870,2028,142682,New Town Primary School,School Terrace,,,Reading,RG1 3LS,1189375509,E14001438,Reading Central,0,,,AC,0,Does not apply,3-11,0,0,423,59,54,32,22,59%,41%,,,,,,,,,,10,19%,44,81%,43,80%,41,76%,57%,4%,,,,,,,,,,,,,72%,24%,0%,103,72%,22%,0%,103,70%,24%,0%,103,65%,7%,26%,0%,81%,0%,53%,64%,,,,20%,66%,-47,56%,56%,0%,9%,,,,0%,5%,-10,2%,0%,,,,,,,,,,,,,,,,,,,,,,,,,,,,,,,,,,,,,,,,,,,,,,,,,,,,,,,,,,,,,,,,,,,,,,,,,,,,,,,,,,,,,102,105,,,,98,105,103,103,103,102,,,,96,104,103,102,102,105,,,,97,105,104,102,,,,40%,80%,,,,40%,80%,,,,40%,77%,,,,40%,70%,,,,20%,25%,,,,0%,27%,,,,10%,27%,,,,0%,9%,10,19%,1,2%,2,4%,8,15%,10,19%,43,44%,56%,47%,5%,32%,0%,58%,8%,-0.2,-2.4,2,-1.5,-3.6,0.6,0.1,-2,2.2,104,103
1,24224,870,3300,142735,St John's Church of England Primary School,121-147 Orts Road,,,Reading,RG1 3JN,1189375540,E14001438,Reading Central,0,,,ACC,0,Church of England,3-11,0,0,453,60,55,29,26,53%,47%,,,,,,,,,,7,13%,48,87%,32,58%,52,95%,78%,5%,,,,,,,,,,,,,91%,44%,0%,108,87%,55%,0%,110,87%,38%,0%,107,82%,5%,18%,0%,91%,0%,76%,81%,,,,43%,83%,-24,78%,81%,7%,4%,,,,0%,6%,-10,0%,6%,,,,,,,,,,,,,,,,,,,,,,,,,,,,,,,,,,,,,,,,,,,,,,,,,,,,,,,,,,,,,,,,,,,,,,,,,,,,,,,,,,,,,108,109,,,,104,109,107,108,107,107,,,,103,107,108,107,108,111,,,,106,110,110,110,,,,57%,96%,,,,71%,90%,,,,71%,90%,,,,57%,85%,,,,29%,46%,,,,29%,58%,,,,14%,42%,,,,0%,6%,23,42%,0,0%,3,5%,12,22%,15,27%,60,27%,73%,58%,13%,38%,6%,66%,16%,2.6,0.8,4.3,0.9,-0.8,2.6,2.6,0.9,4.2,106,105
1,19720,870,2016,109786,Oxford Road Community School,146 Oxford Road,,,Reading,RG1 7PJ,1189375511,E14001438,Reading Central,0,,,CY,0,Does not apply,3-11,0,0,249,30,30,16,14,53%,47%,,,,,,,,,,7,23%,23,77%,19,63%,25,83%,57%,7%,,,,,,,,,,,,,80%,27%,0%,107,87%,50%,3%,109,77%,23%,0%,106,70%,13%,23%,0%,80%,0%,44%,71%,,,,57%,57%,-10,53%,64%,0%,14%,,,,0%,9%,-10,0%,4%,,,,,,,,,,,,,,,,,,,,,,,,,,,,,,,,,,,,,,,,,,,,,,,,,,,,,,,,,,,,,,,,,,,,,,,,,,,,,,,,,,,,,107,107,,,,106,108,106,107,106,106,,,,102,107,105,106,109,110,,,,109,109,108,109,,,,86%,78%,,,,86%,87%,,,,71%,78%,,,,57%,74%,,,,14%,30%,,,,43%,52%,,,,14%,26%,,,,0%,17%,11,37%,0,0%,2,7%,3,10%,5,17%,29,28%,72%,66%,0%,50%,0%,71%,0%,2.6,0.2,5,0.1,-2.2,2.4,0,-2.3,2.2,106,103
1,17430,870,2034,109799,Moorlands Primary School,Church End Lane,Tilehurst,,Reading,RG30 4UN,1189375505,E14001439,Reading West and Mid Berkshire,0,,,CY,0,Does not apply,4-11,0,0,331,55,57,24,33,42%,58%,,,,,,,,,,29,51%,28,49%,10,18%,51,89%,63%,9%,,,,,,,,,,,,,70%,30%,0%,105,63%,18%,0%,102,77%,12%,0%,103,68%,16%,28%,4%,75%,4%,75%,55%,,,,55%,71%,-12,60%,69%,8%,9%,,,,0%,18%,-10,30%,10%,,,,,,,,,,,,,,,,,,,,,,,,,,,,,,,,,,,,,,,,,,,,,,,,,,,,,,,,,,,,,,,,,,,,,,,,,,,,,,,,,,,,,106,103,,,,104,105,105,105,104,102,,,,101,105,107,103,104,101,,,,100,104,107,103,,,,66%,75%,,,,59%,68%,,,,69%,86%,,,,62%,75%,,,,24%,36%,,,,3%,32%,,,,0%,25%,,,,7%,25%,45,79%,2,4%,1,2%,10,18%,11,19%,48,46%,54%,63%,4%,55%,0%,69%,8%,0.5,-1.2,2.3,0.5,-1.2,2.2,1.3,-0.4,2.9,104,103
1,16976,870,2234,109926,Micklands Primary School,Micklands Road,Caversham,,Reading,RG4 6LU,1189375500,E14001438,Reading Central,0,,,CY,0,Does not apply,4-11,0,0,342,61,61,32,29,52%,48%,,,,,,,,,,15,25%,46,75%,16,26%,60,98%,51%,2%,,,,,,,,,,,,,74%,30%,5%,106,66%,38%,3%,106,80%,33%,3%,106,56%,2%,36%,3%,74%,3%,50%,52%,,,,40%,54%,-27,69%,52%,3%,0%,,,,0%,2%,-10,0%,2%,,,,,,,,,,,,,,,,,,,,,,,,,,,,,,,,,,,,,,,,,,,,,,,,,,,,,,,,,,,,,,,,,,,,,,,,,,,,,,,,,,,,,105,107,,,,103,107,107,106,106,106,,,,104,106,109,106,105,107,,,,102,107,112,106,,,,53%,80%,,,,47%,72%,,,,67%,85%,,,,47%,59%,,,,27%,30%,,,,20%,43%,,,,33%,33%,,,,0%,2%,45,74%,0,0%,3,5%,11,18%,14,23%,57,21%,79%,63%,5%,33%,0%,71%,7%,2.3,0.6,4,-2.5,-4.1,-0.9,-0.1,-1.7,1.5,108,105
1,22632,870,3302,110003,St Anne's Catholic Primary School,Washington Road,Caversham,St Anne's School,Reading,RG4 5AA,1189375537,E14001438,Reading Central,0,,,VA,0,Roman Catholic,2-11,0,0,178,29,24,10,14,42%,58%,,,,,,,,,,6,25%,18,75%,8,33%,20,83%,46%,0%,,,,,,,,,,,,,75%,17%,0%,104,75%,38%,0%,106,79%,21%,0%,104,54%,0%,38%,0%,79%,0%,20%,64%,,,,50%,44%,-17,38%,45%,0%,0%,,,,0%,0%,-10,0%,0%,,,,,,,,,,,,,,,,,,,,,,,,,,,,,,,,,,,,,,,,,,,,,,,,,,,,,,,,,,,,,,,,,,,,,,,,,,,,,,,,,,,,,101,107,,,,103,105,102,105,102,106,,,,102,105,106,104,102,109,,,,102,108,108,105,,,,83%,72%,,,,67%,78%,,,,67%,83%,,,,50%,56%,,,,0%,22%,,,,17%,44%,,,,17%,22%,,,,0%,0%,16,67%,0,0%,0,0%,5,21%,5,21%,29,31%,69%,55%,10%,44%,0%,60%,15%,-1.8,-4.2,0.6,-2.7,-5,-0.4,-1.4,-3.7,0.9,104,104
1,5746,870,2015,140379,Civitas Academy,90a Great Knollys Street,,,Reading,RG1 7HL,1184676720,E14001438,Reading Central,0,,,AC,0,Does not apply,4-11,0,0,405,58,53,27,26,51%,49%,,,,,,,,,,11,21%,42,79%,32,60%,46,87%,58%,11%,,,,,,,,,,,,,75%,34%,0%,106,74%,34%,0%,107,62%,23%,0%,104,70%,19%,19%,0%,85%,0%,56%,62%,,,,45%,62%,-22,59%,59%,11%,12%,,,,9%,12%,-1,9%,13%,,,,,,,,,,,,,,,,,,,,,,,,,,,,,,,,,,,,,,,,,,,,,,,,,,,,,,,,,,,,,,,,,,,,,,,,,,,,,,,,,,,,,104,108,,,,106,106,106,107,104,104,,,,101,105,105,104,105,109,,,,106,107,108,108,,,,82%,74%,,,,82%,71%,,,,45%,67%,,,,73%,69%,,,,27%,36%,,,,18%,38%,,,,9%,26%,,,,9%,21%,20,38%,1,2%,1,2%,12,23%,13,25%,58,17%,83%,62%,16%,60%,10%,63%,17%,1.7,-0.4,3.7,2.2,0.2,4.2,3,1,4.9,105,106
1,11790,870,2017,139972,The Heights Primary School,129 Upper Woodcote Road,,,Reading,RG4 7LB,1183570123,E14001438,Reading Central,0,,,F,0,None,4-11,0,0,351,47,48,23,25,48%,52%,,,,,,,,,,2,4%,46,96%,9,19%,45,94%,79%,19%,,,,,,,,,,,,,88%,54%,2%,109,90%,48%,0%,109,83%,50%,0%,108,90%,23%,4%,0%,94%,0%,83%,76%,,,,SUPP,SUPP,SUPP,78%,80%,17%,20%,,,,SUPP,SUPP,SUPP,22%,20%,,,,,,,,,,,,,,,,,,,,,,,,,,,,,,,,,,,,,,,,,,,,,,,,,,,,,,,,,,,,,,,,,,,,,,,,,,,,,,,,,,,,,106,111,,,,SUPP,SUPP,106,109,109,108,,,,SUPP,SUPP,109,108,107,110,,,,SUPP,SUPP,110,109,,,,SUPP,SUPP,,,,SUPP,SUPP,,,,SUPP,SUPP,,,,SUPP,SUPP,,,,SUPP,SUPP,,,,SUPP,SUPP,,,,SUPP,SUPP,,,,SUPP,SUPP,39,81%,0,0%,1,2%,13,27%,14,29%,49,8%,92%,82%,16%,SUPP,SUPP,SUPP,SUPP,0.9,-1,2.7,3,1.2,4.8,0.7,-1,2.4,109,108
1,32594,870,2024,109793,Wilson Primary School,Wilson Road,,,Reading,RG30 2RW,1189375573,E14001439,Reading West and Mid Berkshire,0,,,CY,0,Does not apply,3-11,0,0,454,60,59,30,29,51%,49%,,,,,,,,,,10,17%,49,83%,31,53%,48,81%,47%,5%,,,,,,,,,,,,,58%,27%,2%,103,64%,27%,2%,105,73%,24%,2%,104,63%,5%,25%,0%,76%,0%,33%,62%,,,,30%,51%,-37,45%,50%,0%,10%,,,,0%,6%,-10,6%,6%,,,,,,,,,,,,,,,,,,,,,,,,,,,,,,,,,,,,,,,,,,,,,,,,,,,,,,,,,,,,,,,,,,,,,,,,,,,,,,,,,,,,,100,105,,,,103,103,100,103,105,104,,,,105,104,103,104,104,106,,,,103,105,104,105,,,,70%,55%,,,,70%,63%,,,,80%,71%,,,,50%,65%,,,,20%,29%,,,,10%,31%,,,,30%,22%,,,,0%,6%,26,44%,2,3%,2,3%,7,12%,9,15%,53,26%,74%,48%,0%,29%,0%,55%,0%,-3.8,-5.6,-2,-4.7,-6.5,-3,-2.6,-4.3,-0.9,102,101
1,8386,870,2026,109794,Emmer Green Primary School,Grove Road,Emmer Green,,Reading,RG4 8LN,1189375464,E14001438,Reading Central,0,,,CY,0,Does not apply,4-11,0,0,414,59,59,29,30,49%,51%,,,,,,,,,,7,12%,52,88%,21,36%,55,93%,63%,19%,,,,,,,,,,,,,76%,37%,0%,107,73%,41%,0%,107,76%,41%,0%,106,73%,24%,22%,0%,90%,0%,62%,63%,,,,14%,69%,-53,86%,64%,10%,27%,,,,0%,21%,-10,24%,20%,,,,,,,,,,,,,,,,,,,,,,,,,,,,,,,,,,,,,,,,,,,,,,,,,,,,,,,,,,,,,,,,,,,,,,,,,,,,,,,,,,,,,106,107,,,,101,107,109,106,107,106,,,,100,107,111,106,106,108,,,,96,108,112,107,,,,43%,81%,,,,14%,81%,,,,43%,81%,,,,29%,79%,,,,14%,40%,,,,14%,44%,,,,14%,44%,,,,0%,27%,38,64%,0,0%,2,3%,6,10%,8,14%,60,7%,93%,75%,13%,SUPP,SUPP,SUPP,SUPP,2.7,1.1,4.4,1.8,0.2,3.4,1.1,-0.5,2.6,108,106
1,13820,870,2226,109920,Katesgrove Primary School,Dorothy Street,,,Reading,RG1 2NL,1189375490,E14001438,Reading Central,0,,,CY,0,Does not apply,3-11,0,0,692,88,80,38,42,48%,53%,,,,,,,,,,14,18%,66,83%,52,65%,69,86%,66%,10%,,,,,,,,,,,,,78%,33%,1%,105,80%,45%,1%,107,76%,41%,1%,106,79%,11%,16%,0%,85%,0%,66%,67%,,,,43%,71%,-24,67%,65%,3%,17%,,,,0%,12%,-10,12%,10%,,,,,,,,,,,,,,,,,,,,,,,,,,,,,,,,,,,,,,,,,,,,,,,,,,,,,,,,,,,,,,,,,,,,,,,,,,,,,,,,,,,,,104,107,,,,99,107,105,105,106,107,,,,99,108,107,107,106,108,,,,98,109,109,107,,,,57%,82%,,,,36%,89%,,,,50%,82%,,,,50%,85%,,,,14%,36%,,,,21%,50%,,,,14%,47%,,,,0%,14%,28,35%,0,0%,2,3%,8,10%,10,13%,86,20%,80%,60%,6%,47%,0%,64%,7%,-0.2,-1.8,1.3,-1,-2.5,0.6,0.6,-0.8,2.1,104,105
1,25112,870,3360,110038,St Martin's Catholic Primary School,Pendennis Avenue,Caversham Park Village,,Reading,RG4 6SS,1189375544,E14001438,Reading Central,0,,,VA,0,Roman Catholic,4-11,0,0,126,21,21,11,10,52%,48%,,,,,,,,,,2,10%,19,90%,4,19%,19,90%,76%,10%,,,,,,,,,,,,,95%,62%,0%,112,95%,71%,0%,115,90%,52%,0%,111,76%,10%,19%,0%,76%,0%,82%,70%,,,,SUPP,SUPP,SUPP,SUPP,74%,0%,20%,,,,SUPP,SUPP,SUPP,SUPP,11%,,,,,,,,,,,,,,,,,,,,,,,,,,,,,,,,,,,,,,,,,,,,,,,,,,,,,,,,,,,,,,,,,,,,,,,,,,,,,,,,,,,,,112,113,,,,SUPP,SUPP,SUPP,112,109,112,,,,SUPP,SUPP,SUPP,110,114,116,,,,SUPP,SUPP,SUPP,115,,,,SUPP,SUPP,,,,SUPP,SUPP,,,,SUPP,SUPP,,,,SUPP,SUPP,,,,SUPP,SUPP,,,,SUPP,SUPP,,,,SUPP,SUPP,,,,SUPP,SUPP,17,81%,0,0%,1,5%,1,5%,2,10%,27,4%,96%,74%,11%,SUPP,SUPP,SUPP,SUPP,4.4,2,6.8,-2.9,-5.2,-0.6,5.2,2.9,7.5,111,111
1,4900,870,2003,109778,Caversham Primary School,Hemdean Road,Caversham,,Reading,RG4 7RA,1189375454,E14001438,Reading Central,0,,,CY,0,Does not apply,5-11,0,0,408,58,59,29,30,49%,51%,,,,,,,,,,5,8%,54,92%,6,10%,59,100%,69%,7%,,,,,,,,,,,,,88%,44%,0%,109,85%,58%,0%,109,83%,34%,0%,107,73%,12%,19%,0%,93%,0%,62%,77%,,,,SUPP,SUPP,SUPP,83%,69%,3%,10%,,,,SUPP,SUPP,SUPP,0%,7%,,,,,,,,,,,,,,,,,,,,,,,,,,,,,,,,,,,,,,,,,,,,,,,,,,,,,,,,,,,,,,,,,,,,,,,,,,,,,,,,,,,,,107,111,,,,SUPP,SUPP,110,109,107,107,,,,SUPP,SUPP,112,107,108,110,,,,SUPP,SUPP,114,109,,,,SUPP,SUPP,,,,SUPP,SUPP,,,,SUPP,SUPP,,,,SUPP,SUPP,,,,SUPP,SUPP,,,,SUPP,SUPP,,,,SUPP,SUPP,,,,SUPP,SUPP,53,90%,0,0%,2,3%,8,14%,10,17%,57,2%,98%,82%,19%,SUPP,SUPP,SUPP,SUPP,3,1.3,4.7,0.3,-1.4,1.9,1.8,0.2,3.4,111,108
1,16698,870,2004,138372,Meadow Park Academy,Norcot Road,Tilehurst,,Reading,RG30 6BS,1189375562,E14001439,Reading West and Mid Berkshire,0,,,AC,0,None,4-11,0,0,354,58,57,26,31,46%,54%,,,,,,,,,,26,46%,31,54%,19,33%,53,93%,49%,0%,,,,,,,,,,,,,72%,26%,0%,105,65%,21%,0%,104,58%,19%,0%,103,56%,0%,35%,0%,79%,0%,50%,48%,,,,31%,65%,-36,74%,51%,0%,0%,,,,0%,0%,-10,0%,0%,,,,,,,,,,,,,,,,,,,,,,,,,,,,,,,,,,,,,,,,,,,,,,,,,,,,,,,,,,,,,,,,,,,,,,,,,,,,,,,,,,,,,105,105,,,,104,106,105,105,104,102,,,,101,105,105,103,104,104,,,,101,106,106,104,,,,65%,77%,,,,54%,74%,,,,46%,68%,,,,42%,68%,,,,12%,39%,,,,8%,32%,,,,8%,29%,,,,0%,0%,38,67%,0,0%,1,2%,14,25%,15,26%,46,48%,52%,54%,0%,59%,0%,50%,0%,-1,-2.9,0.8,0.2,-1.6,2,-1.7,-3.5,0.1,103,99
1,19860,870,2021,109790,Park Lane Primary School,School Road,Tilehurst,,Reading,RG31 5BD,1189375515,E14001439,Reading West and Mid Berkshire,0,,,CY,0,Does not apply,5-11,0,0,402,61,60,27,33,45%,55%,,,,,,,,,,17,28%,43,72%,5,8%,58,97%,67%,10%,,,,,,,,,,,,,83%,38%,0%,107,73%,27%,0%,104,82%,20%,0%,104,75%,12%,25%,0%,87%,0%,70%,64%,,,,59%,70%,-8,SUPP,67%,7%,12%,,,,0%,14%,-10,SUPP,10%,,,,,,,,,,,,,,,,,,,,,,,,,,,,,,,,,,,,,,,,,,,,,,,,,,,,,,,,,,,,,,,,,,,,,,,,,,,,,,,,,,,,,107,107,,,,105,107,SUPP,107,105,104,,,,103,105,SUPP,105,103,106,,,,101,106,SUPP,105,,,,82%,84%,,,,59%,79%,,,,82%,81%,,,,65%,79%,,,,18%,47%,,,,12%,33%,,,,6%,26%,,,,0%,16%,55,92%,0,0%,1,2%,10,17%,11,18%,58,28%,72%,67%,16%,56%,6%,71%,19%,-0.9,-2.5,0.8,0.4,-1.1,2,-0.5,-2.1,1,106,105
1,29800,870,2036,109800,Thameside Primary School,Harley Road,Caversham,,Reading,RG4 8DB,1189375551,E14001438,Reading Central,0,,,CY,0,Does not apply,5-11,0,0,374,58,58,25,33,43%,57%,,,,,,,,,,12,21%,46,79%,13,22%,54,93%,59%,10%,,,,,,,,,,,,,79%,43%,2%,107,76%,38%,3%,108,74%,38%,2%,105,62%,14%,26%,0%,74%,0%,48%,67%,,,,17%,70%,-50,69%,57%,16%,6%,,,,0%,13%,-10,15%,9%,,,,,,,,,,,,,,,,,,,,,,,,,,,,,,,,,,,,,,,,,,,,,,,,,,,,,,,,,,,,,,,,,,,,,,,,,,,,,,,,,,,,,107,108,,,,97,110,107,107,107,104,,,,97,107,107,105,107,108,,,,98,110,110,108,,,,33%,91%,,,,42%,85%,,,,33%,85%,,,,17%,74%,,,,17%,50%,,,,8%,46%,,,,17%,43%,,,,0%,17%,45,78%,0,0%,9,16%,6,10%,15,26%,52,31%,69%,48%,10%,19%,6%,61%,11%,-0.5,-2.3,1.2,-1.1,-2.8,0.6,-4.1,-5.8,-2.4,105,101
1,10518,870,2039,147868,Green Park Village Primary Academy,2 Flagstaff Road,Green Park,,Reading,RG2 6AX,1184676222,E14001210,Earley and Woodley,0,,,F,0,None,2-11,0,0,155,0,,,,,,,,,,,,,,,,,,,,,,,,,,,,,,,,,,,,,,,,,,,,,,,,,,,,,,,,,,,,,,,,,,,,,,,,,,,,,,,,,,,,,,,,,,,,,,,,,,,,,,,,,,,,,,,,,,,,,,,,,,,,,,,,,,,,,,,,,,,,,,,,,,,,,,,,,,,,,,,,,,,,,,,,,,,,,,,,,,,,,,,,,,,,,,,,,,,,,,,,,,,,,,,,,,,,,,,,,,,,,,,,,,0,,0
1,16282,870,2253,109944,Manor Primary School,110 Ashampstead Road,,,Reading,RG30 3LJ,1189375494,E14001438,Reading Central,0,,,CY,0,Does not apply,3-11,0,0,321,41,42,19,23,45%,55%,,,,,,,,,,19,45%,23,55%,9,21%,32,76%,67%,10%,,,,,,,,,,,,,71%,33%,0%,105,79%,36%,0%,106,74%,31%,0%,106,74%,19%,24%,0%,86%,0%,68%,65%,,,,58%,74%,-9,67%,69%,0%,17%,,,,5%,13%,-5,11%,9%,,,,,,,,,,,,,,,,,,,,,,,,,,,,,,,,,,,,,,,,,,,,,,,,,,,,,,,,,,,,,,,,,,,,,,,,,,,,,,,,,,,,,105,104,,,,105,104,106,105,106,105,,,,104,107,108,106,105,107,,,,104,108,109,107,,,,68%,74%,,,,74%,83%,,,,68%,78%,,,,63%,83%,,,,32%,35%,,,,21%,48%,,,,16%,43%,,,,16%,22%,32,76%,1,2%,4,10%,5,12%,9,21%,45,62%,38%,42%,4%,32%,4%,59%,6%,-3.2,-5,-1.3,-2.1,-3.8,-0.3,-2.7,-4.4,-1,102,102
1,17932,870,2254,145660,New Christ Church Church of England Primary School,Milman Road,,,Reading,RG2 0AY,1189375437,E14001438,Reading Central,0,,,ACC,0,Church of England,4-11,0,0,193,29,27,11,16,41%,59%,,,,,,,,,,2,7%,25,93%,14,52%,22,81%,52%,7%,,,,,,,,,,,,,81%,56%,0%,109,78%,59%,0%,110,70%,41%,0%,108,56%,7%,19%,0%,96%,0%,55%,50%,,,,SUPP,SUPP,SUPP,50%,55%,0%,13%,,,,SUPP,SUPP,SUPP,0%,9%,,,,,,,,,,,,,,,,,,,,,,,,,,,,,,,,,,,,,,,,,,,,,,,,,,,,,,,,,,,,,,,,,,,,,,,,,,,,,,,,,,,,,109,109,,,,SUPP,SUPP,107,109,108,107,,,,SUPP,SUPP,108,107,110,110,,,,SUPP,SUPP,109,110,,,,SUPP,SUPP,,,,SUPP,SUPP,,,,SUPP,SUPP,,,,SUPP,SUPP,,,,SUPP,SUPP,,,,SUPP,SUPP,,,,SUPP,SUPP,,,,SUPP,SUPP,13,48%,0,0%,1,4%,3,11%,4,15%,29,24%,76%,41%,10%,43%,14%,41%,9%,3.5,1,6.1,-0.7,-3.1,1.7,1.8,-0.6,4.1,105,103
2,1352,870,7001,137435,The Avenue Special School,"The Avenue Centre, Conwy Close",Tilehurst,,Reading,RG30 4BZ,1183389038,E14001439,Reading West and Mid Berkshire,0,,,ACCS,0,Does not apply,2-19,0,0,233,20,20,16,4,80%,20%,,,,,,,,,,8,40%,12,60%,8,40%,16,80%,0%,0%,,,,,,,,,,,,,0%,0%,0%,,0%,0%,0%,,0%,0%,0%,,0%,0%,0%,0%,0%,0%,0%,SUPP,,,,0%,0%,-67,0%,0%,0%,SUPP,,,,0%,0%,-10,0%,0%,,,,,,,,,,,,,,,,,,,,,,,,,,,,,,,,,,,,,,,,,,,,,,,,,,,,,,,,,,,,,,,,,,,,,,,,,,,,,,,,,,,,,,SUPP,,,,,,,,,SUPP,,,,,,,,,SUPP,,,,,,,,,,,0%,0%,,,,0%,0%,,,,0%,0%,,,,0%,0%,,,,0%,0%,,,,0%,0%,,,,0%,0%,,,,0%,0%,12,60%,0,0%,20,100%,0,0%,20,100%,23,26%,74%,0%,0%,0%,0%,0%,0%,-5.1,-7.8,-2.4,-5.7,-8.3,-3.2,-6,-8.5,-3.5
4,,,,,,,,,,,,,,,,,,,,,,,4691271,665672,665887,340101,325786,51%,49%,,,,,,,,,,204320,31%,461567,69%,150318,23%,602764,91%,61%,8%,,,,,,,,,,,,,74%,29%,1%,105,72%,32%,1%,105,73%,24%,1%,104,72%,13%,21%,0%,81%,0%,57%,64%,,,,45%,67%,,62%,62%,6%,9%,,,,3%,10%,,8%,8%,,,,,,,,,,,,,,,,,,,,,,,,,,,,,,,,,,,,,,,,,,,,,,,,,,,,,,,,,,,,,,,,,,,,,,,,,,,,,,,,,,,,,105,106,,,,103,106,105,105,105,104,,,,101,106,106,105,105,106,,,,102,107,107,105,,,,62%,80%,,,,59%,78%,,,,59%,79%,,,,58%,78%,,,,18%,33%,,,,20%,37%,,,,13%,29%,,,,6%,16%,508799,76%,6770,1%,35170,5%,106538,16%,141708,21%,676102,30%,70%,60%,8%,44%,3%,66%,10%,,,,,,,,,,105,104
5,,,,,,,,,,,,,,,,,,,,,,,4649171,662247,662983,338570,324413,51%,49%,,,,,,,,,,203811,31%,459172,69%,150275,23%,602526,91%,61%,8%,,,,,,,,,,,,,74%,29%,1%,105,72%,32%,1%,105,73%,24%,1%,104,72%,13%,21%,0%,81%,0%,57%,64%,,,,46%,67%,,62%,62%,6%,9%,,,,3%,10%,,8%,8%,,,,,,,,,,,,,,,,,,,,,,,,,,,,,,,,,,,,,,,,,,,,,,,,,,,,,,,,,,,,,,,,,,,,,,,,,,,,,,,,,,,,,105,106,,,,103,106,105,105,105,104,,,,101,106,106,105,105,106,,,,102,107,107,105,,,,62%,80%,,,,59%,78%,,,,59%,79%,,,,58%,78%,,,,18%,33%,,,,20%,37%,,,,13%,29%,,,,6%,16%,508225,77%,4483,1%,34644,5%,106330,16%,140974,21%,673070,30%,70%,60%,8%,44%,3%,66%,10%,,,,,,,,,,105,104