RECTYPE,ALPHAIND,REGION,LASORT,LEA,ESTAB,URN,PCON_CODE,PCON_NAME,SCHNAME_AC,SCHNAME,ADDRESS1,ADDRESS2,ADDRESS3,TOWN,PCODE,TELNUM,CONTFLAG,NFTYPE/FESITYPE,RELDENOM,ADMPOL,ADMPOL_PT,GEND1618,FEEDER,AGERANGE,ICLOSE,TABKS2,TAB15,CONFEXAM,DUMMY,TPUP1618,TALLPUP_1618,TALLPUP_ALEV_1618,TALLPPE_ALEV_1618,TALLPPEGRD_ALEV_1618,TINCLUDE_B3,TB3PTSE,TB3PTSE_GRD,TINCLUDE_AAB_2FAC,PTAAB_2FAC,TALLPUP_ACAD_1618,TALLPPE_ACAD_1618,TALLPPEGRD_ACAD_1618,TALLPUP_AGEN,TALLPPE_AGEN,TALLPPEGRD_AGEN,TALLPUP_TLEV,TALLPPE_TLEV,TALLPPEGRD_TLEV,TALLPUP_TLEVDENOM,TLEV_PER,TALLPUP_AGENDENOM,AGEN_PER,T_SCOPEEX_E,PROGEX_E,ENTRY_PER_E,T_SCOPEEX_M,PROGEX_M,ENTRY_PER_M,TALLPUP_SCOPE_L3M,L3M_PER,T_InScope_ALEV_Ret,PT_Retained_ALEV_Ret,PT_Ret_Assessed_ALEV,T_InScope_ALEV_2ndYr,PT_Retained_ALEV_2ndYr,T_InScope_ACAD_Ret,PT_Retained_ACAD_Ret,PT_Ret_Assessed_ACAD,T_InScope_ACAD_2ndYr,PT_Retained_ACAD_2ndYr,T_InScope_AGEN_Ret,PT_Retained_AGEN_Ret,PT_Ret_Assessed_AGEN,T_InScope_AGEN_2ndYr,PT_Retained_AGEN_2ndYr,T_InScope_TLEV_Ret,PT_Retained_TLEV_Ret,PT_Ret_Assessed_TLEV,T_InScope_TLEV_2ndYr,PT_Retained_TLEV_2ndYr,TALLPUP_TechCert,TALLPPE_TechCert,TALLPPEGRD_TechCert,T_InScope_TechCert_Ret,PT_Retained_TechCert_Ret,PT_Ret_Assessed_TechCert,TALLPUP_ANYL2VOC,TechCert_PER,TALLPUP_1618_DIS,TALLPUP_ALEV_1618_DIS,TALLPPE_ALEV_1618_DIS,TALLPPEGRD_ALEV_DIS,TALLPUP_ACAD_1618_DIS,TALLPPE_ACAD_1618_DIS,TALLPPEGRD_ACAD_DIS,TALLPUP_AGEN_DIS,TALLPPE_AGEN_DIS,TALLPPEGRD_AGEN_DIS,TALLPUP_TLEV_DIS,TALLPPE_TLEV_DIS,TALLPPEGRD_TLEV_DIS,T_SCOPEEX_E_DIS,PROGEX_E_DIS,T_SCOPEEX_M_DIS,PROGEX_M_DIS,T_InScope_ALEV_Ret_DIS,PT_Retained_ALEV_Ret_DIS,T_InScope_ACAD_Ret_DIS,PT_Retained_ACAD_Ret_DIS,T_InScope_AGEN_Ret_DIS,PT_Retained_AGEN_Ret_DIS,T_InScope_TLEV_Ret_DIS,PT_Retained_TLEV_Ret_DIS,TALLPUP_TechCert_DIS,TALLPPE_TechCert_DIS,TALLPPEGRD_TechCert_DIS,T_InScope_TechCert_Ret_DIS,PT_Retained_TechCert_Ret_DIS,TALLPUP_1618_NOTDIS,TALLPUP_ALEV_1618_NOTDIS,TALLPPE_ALEV_1618_NOTDIS,TALLPPEGRD_ALEV_NOTDIS,TALLPUP_ACAD_1618_NOTDIS,TALLPPE_ACAD_1618_NOTDIS,TALLPPEGRD_ACAD_NOTDIS,TALLPUP_AGEN_NOTDIS,TALLPPE_AGEN_NOTDIS,TALLPPEGRD_AGEN_NOTDIS,TALLPUP_TLEV_NOTDIS,TALLPPE_TLEV_NOTDIS,TALLPPEGRD_TLEV_NOTDIS,T_SCOPEEX_E_NOTDIS,PROGEX_E_NOTDIS,T_SCOPEEX_M_NOTDIS,PROGEX_M_NOTDIS,T_InScope_ALEV_Ret_NOTDIS,PT_Retained_ALEV_Ret_NOTDIS,T_InScope_ACAD_Ret_NOTDIS,PT_Retained_ACAD_Ret_NOTDIS,T_InScope_AGEN_Ret_NOTDIS,PT_Retained_AGEN_Ret_NOTDIS,T_InScope_TLEV_Ret_NOTDIS,PT_Retained_TLEV_Ret_NOTDIS,TALLPUP_TechCert_NOTDIS,TALLPPE_TechCert_NOTDIS,TALLPPEGRD_TechCert_NOTDIS,T_InScope_TechCert_Ret_NOTDIS,PT_Retained_TechCert_Ret_NOTDIS,ENTRIES_ALEV,VA_INS_ALEV,UCI_INS_ALEV,LCI_INS_ALEV,PROGRESS_BAND_ALEV,ENTRIES_ACAD,VA_INS_ACAD,UCI_INS_ACAD,LCI_INS_ACAD,PROGRESS_BAND_ACAD,ENTRIES_AGEN,VA_INS_AGEN,UCI_INS_AGEN,LCI_INS_AGEN,PROGRESS_BAND_AGEN,ENTRIES_TLEV,VA_INS_TLEV,UCI_INS_TLEV,LCI_INS_TLEV,PROGRESS_BAND_TLEV,ENTRIES_ALEV_DIS,VA_INS_ALEV_DIS,UCI_INS_ALEV_DIS,LCI_INS_ALEV_DIS,ENTRIES_ACAD_DIS,VA_INS_ACAD_DIS,UCI_INS_ACAD_DIS,LCI_INS_ACAD_DIS,ENTRIES_AGEN_DIS,VA_INS_AGEN_DIS,UCI_INS_AGEN_DIS,LCI_INS_AGEN_DIS,ENTRIES_TLEV_DIS,VA_INS_TLEV_DIS,UCI_INS_TLEV_DIS,LCI_INS_TLEV_DIS,ENTRIES_ALEV_NOTDIS,VA_INS_ALEV_NOTDIS,UCI_INS_ALEV_NOTDIS,LCI_INS_ALEV_NOTDIS,ENTRIES_ACAD_NOTDIS,VA_INS_ACAD_NOTDIS,UCI_INS_ACAD_NOTDIS,LCI_INS_ACAD_NOTDIS,ENTRIES_AGEN_NOTDIS,VA_INS_AGEN_NOTDIS,UCI_INS_AGEN_NOTDIS,LCI_INS_AGEN_NOTDIS,ENTRIES_TLEV_NOTDIS,VA_INS_TLEV_NOTDIS,UCI_INS_TLEV_NOTDIS,LCI_INS_TLEV_NOTDIS,TALLPUP_1618_23,TALLPUP_1618_22,TALLPUP_1618_21,TALLPUP_ALEV_1618_23,TALLPUP_ALEV_1618_22,TALLPUP_ALEV_1618_21,TALLPPE_ALEV_1618_23,TALLPPE_ALEV_1618_22,TALLPPE_ALEV_1618_21,TALLPPEGRD_ALEV_1618_23,TALLPPEGRD_ALEV_1618_22,TALLPPEGRD_ALEV_1618_21,TALLPUP_ACAD_1618_23,TALLPUP_ACAD_1618_22,TALLPUP_ACAD_1618_21,TALLPPE_ACAD_1618_23,TALLPPE_ACAD_1618_22,TALLPPE_ACAD_1618_21,TALLPPEGRD_ACAD_1618_23,TALLPPEGRD_ACAD_1618_22,TALLPPEGRD_ACAD_1618_21,TALLPUP_AGEN_23,TALLPUP_AGEN_22,TALLPUP_AGEN_21,TALLPPE_AGEN_23,TALLPPE_AGEN_22,TALLPPE_AGEN_21,TALLPPEGRD_AGEN_23,TALLPPEGRD_AGEN_22,TALLPPEGRD_AGEN_21,TALLPUP_TLEV_23,TALLPUP_TLEV_22,TALLPUP_TLEV_21,TALLPPE_TLEV_23,TALLPPE_TLEV_22,TALLPPE_TLEV_21,TALLPPEGRD_TLEV_23,TALLPPEGRD_TLEV_22,TALLPPEGRD_TLEV_21,TALLPUP_TECHCERT_23,TALLPUP_TECHCERT_22,TALLPUP_TECHCERT_21,TALLPPE_TECHCERT_23,TALLPPE_TECHCERT_22,TALLPPE_TECHCERT_21,TALLPPEGRD_TECHCERT_23,TALLPPEGRD_TECHCERT_22,TALLPPEGRD_TECHCERT_21,T_AIMS_CA_23,T_AIMS_CA_22,T_AIMS_CA_21,T_SCOPEEX_E_23,T_SCOPEEX_E_22,T_SCOPEEX_E_21,PROGEX_E_23,PROGEX_E_22,PROGEX_E_21,T_SCOPEEX_M_23,T_SCOPEEX_M_22,T_SCOPEEX_M_21,PROGEX_M_23,PROGEX_M_22,PROGEX_M_21,ENTRIES_ALEV_23,ENTRIES_ALEV_22,ENTRIES_ALEV_21,VA_INS_ALEV_23,VA_INS_ALEV_22,VA_INS_ALEV_21,PROGRESS_BAND_ALEV_23,UCI_INS_ALEV_23,UCI_INS_ALEV_22,UCI_INS_ALEV_21,LCI_INS_ALEV_23,LCI_INS_ALEV_22,LCI_INS_ALEV_21,ENTRIES_ACAD_23,ENTRIES_ACAD_22,ENTRIES_ACAD_21,VA_INS_ACAD_23,VA_INS_ACAD_22,VA_INS_ACAD_21,PROGRESS_BAND_ACAD_23,UCI_INS_ACAD_23,UCI_INS_ACAD_22,UCI_INS_ACAD_21,LCI_INS_ACAD_23,LCI_INS_ACAD_22,LCI_INS_ACAD_21,ENTRIES_AGEN_23,ENTRIES_AGEN_22,ENTRIES_AGEN_21,VA_INS_AGEN_23,VA_INS_AGEN_22,VA_INS_AGEN_21,PROGRESS_BAND_AGEN_23,UCI_INS_AGEN_23,UCI_INS_AGEN_22,UCI_INS_AGEN_21,LCI_INS_AGEN_23,LCI_INS_AGEN_22,LCI_INS_AGEN_21,T_INSCOPE_ALEV_RET_23,T_INSCOPE_ALEV_RET_22,T_INSCOPE_ALEV_RET_21,PT_RETAINED_ALEV_RET_23,PT_RETAINED_ALEV_RET_22,PT_RETAINED_ALEV_RET_21,T_INSCOPE_ACAD_RET_23,T_INSCOPE_ACAD_RET_22,T_INSCOPE_ACAD_RET_21,PT_RETAINED_ACAD_RET_23,PT_RETAINED_ACAD_RET_22,PT_RETAINED_ACAD_RET_21,T_INSCOPE_AGEN_RET_23,T_INSCOPE_AGEN_RET_22,T_INSCOPE_AGEN_RET_21,PT_RETAINED_AGEN_RET_23,PT_RETAINED_AGEN_RET_22,PT_RETAINED_AGEN_RET_21,T_INSCOPE_TLEV_RET_23,T_INSCOPE_TLEV_RET_22,T_INSCOPE_TLEV_RET_21,PT_RETAINED_TLEV_RET_23,PT_RETAINED_TLEV_RET_22,PT_RETAINED_TLEV_RET_21,T_INSCOPE_TECHCERT_RET_23,T_INSCOPE_TECHCERT_RET_22,T_INSCOPE_TECHCERT_RET_21,PT_RETAINED_TECHCERT_RET_23,PT_RETAINED_TECHCERT_RET_22,PT_RETAINED_TECHCERT_RET_21,TALLPUP_1618_DIS_23,TALLPUP_1618_DIS_22,TALLPUP_1618_DIS_21,TALLPUP_ALEV_1618_DIS_23,TALLPUP_ALEV_1618_DIS_22,TALLPUP_ALEV_1618_DIS_21,TALLPPE_ALEV_1618_DIS_23,TALLPPE_ALEV_1618_DIS_22,TALLPPE_ALEV_1618_DIS_21,TALLPPEGRD_ALEV_DIS_23,TALLPPEGRD_ALEV_DIS_22,TALLPPEGRD_ALEV_DIS_21,TALLPUP_ACAD_1618_DIS_23,TALLPUP_ACAD_1618_DIS_22,TALLPUP_ACAD_1618_DIS_21,TALLPPE_ACAD_1618_DIS_23,TALLPPE_ACAD_1618_DIS_22,TALLPPE_ACAD_1618_DIS_21,TALLPPEGRD_ACAD_DIS_23,TALLPPEGRD_ACAD_DIS_22,TALLPPEGRD_ACAD_DIS_21,TALLPUP_AGEN_DIS_23,TALLPUP_AGEN_DIS_22,TALLPUP_AGEN_DIS_21,TALLPPE_AGEN_DIS_23,TALLPPE_AGEN_DIS_22,TALLPPE_AGEN_DIS_21,TALLPPEGRD_AGEN_DIS_23,TALLPPEGRD_AGEN_DIS_22,TALLPPEGRD_AGEN_DIS_21,TALLPUP_TLEV_DIS_23,TALLPUP_TLEV_DIS_22,TALLPUP_TLEV_DIS_21,TALLPPE_TLEV_DIS_23,TALLPPE_TLEV_DIS_22,TALLPPE_TLEV_DIS_21,TALLPPEGRD_TLEV_DIS_23,TALLPPEGRD_TLEV_DIS_22,TALLPPEGRD_TLEV_DIS_21,TALLPUP_TECHCERT_DIS_23,TALLPUP_TECHCERT_DIS_22,TALLPUP_TECHCERT_DIS_21,TALLPPE_TECHCERT_DIS_23,TALLPPE_TECHCERT_DIS_22,TALLPPE_TECHCERT_DIS_21,TALLPPEGRD_TECHCERT_DIS_23,TALLPPEGRD_TECHCERT_DIS_22,TALLPPEGRD_TECHCERT_DIS_21,T_SCOPEEX_E_DIS_23,T_SCOPEEX_E_DIS_22,T_SCOPEEX_E_DIS_21,PROGEX_E_DIS_23,PROGEX_E_DIS_22,PROGEX_E_DIS_21,T_SCOPEEX_M_DIS_23,T_SCOPEEX_M_DIS_22,T_SCOPEEX_M_DIS_21,PROGEX_M_DIS_23,PROGEX_M_DIS_22,PROGEX_M_DIS_21,ENTRIES_ALEV_DIS_23,ENTRIES_ALEV_DIS_22,ENTRIES_ALEV_DIS_21,VA_INS_ALEV_DIS_23,VA_INS_ALEV_DIS_22,VA_INS_ALEV_DIS_21,UCI_INS_ALEV_DIS_23,UCI_INS_ALEV_DIS_22,UCI_INS_ALEV_DIS_21,LCI_INS_ALEV_DIS_23,LCI_INS_ALEV_DIS_22,LCI_INS_ALEV_DIS_21,ENTRIES_ACAD_DIS_23,ENTRIES_ACAD_DIS_22,ENTRIES_ACAD_DIS_21,VA_INS_ACAD_DIS_23,VA_INS_ACAD_DIS_22,VA_INS_ACAD_DIS_21,UCI_INS_ACAD_DIS_23,UCI_INS_ACAD_DIS_22,UCI_INS_ACAD_DIS_21,LCI_INS_ACAD_DIS_23,LCI_INS_ACAD_DIS_22,LCI_INS_ACAD_DIS_21,ENTRIES_AGEN_DIS_23,ENTRIES_AGEN_DIS_22,ENTRIES_AGEN_DIS_21,VA_INS_AGEN_DIS_23,VA_INS_AGEN_DIS_22,VA_INS_AGEN_DIS_21,UCI_INS_AGEN_DIS_23,UCI_INS_AGEN_DIS_22,UCI_INS_AGEN_DIS_21,LCI_INS_AGEN_DIS_23,LCI_INS_AGEN_DIS_22,LCI_INS_AGEN_DIS_21,T_INSCOPE_ALEV_RET_DIS_23,T_INSCOPE_ALEV_RET_DIS_22,T_INSCOPE_ALEV_RET_DIS_21,PT_RETAINED_ALEV_RET_DIS_23,PT_RETAINED_ALEV_RET_DIS_22,PT_RETAINED_ALEV_RET_DIS_21,T_INSCOPE_ACAD_RET_DIS_23,T_INSCOPE_ACAD_RET_DIS_22,T_INSCOPE_ACAD_RET_DIS_21,PT_RETAINED_ACAD_RET_DIS_23,PT_RETAINED_ACAD_RET_DIS_22,PT_RETAINED_ACAD_RET_DIS_21,T_INSCOPE_AGEN_RET_DIS_23,T_INSCOPE_AGEN_RET_DIS_22,T_INSCOPE_AGEN_RET_DIS_21,PT_RETAINED_AGEN_RET_DIS_23,PT_RETAINED_AGEN_RET_DIS_22,PT_RETAINED_AGEN_RET_DIS_21,T_INSCOPE_TLEV_RET_DIS_23,T_INSCOPE_TLEV_RET_DIS_22,T_INSCOPE_TLEV_RET_DIS_21,PT_RETAINED_TLEV_RET_DIS_23,PT_RETAINED_TLEV_RET_DIS_22,PT_RETAINED_TLEV_RET_DIS_21,T_INSCOPE_TECHCERT_RET_DIS_23,T_INSCOPE_TECHCERT_RET_DIS_22,T_INSCOPE_TECHCERT_RET_DIS_21,PT_RETAINED_TECHCERT_RET_DIS_23,PT_RETAINED_TECHCERT_RET_DIS_22,PT_RETAINED_TECHCERT_RET_DIS_21,TALLPUP_1618_NOTDIS_23,TALLPUP_1618_NOTDIS_22,TALLPUP_1618_NOTDIS_21,TALLPUP_ALEV_1618_NOTDIS_23,TALLPUP_ALEV_1618_NOTDIS_22,TALLPUP_ALEV_1618_NOTDIS_21,TALLPPE_ALEV_1618_NOTDIS_23,TALLPPE_ALEV_1618_NOTDIS_22,TALLPPE_ALEV_1618_NOTDIS_21,TALLPPEGRD_ALEV_NOTDIS_23,TALLPPEGRD_ALEV_NOTDIS_22,TALLPPEGRD_ALEV_NOTDIS_21,TALLPUP_ACAD_1618_NOTDIS_23,TALLPUP_ACAD_1618_NOTDIS_22,TALLPUP_ACAD_1618_NOTDIS_21,TALLPPE_ACAD_1618_NOTDIS_23,TALLPPE_ACAD_1618_NOTDIS_22,TALLPPE_ACAD_1618_NOTDIS_21,TALLPPEGRD_ACAD_NOTDIS_23,TALLPPEGRD_ACAD_NOTDIS_22,TALLPPEGRD_ACAD_NOTDIS_21,TALLPUP_AGEN_NOTDIS_23,TALLPUP_AGEN_NOTDIS_22,TALLPUP_AGEN_NOTDIS_21,TALLPPE_AGEN_NOTDIS_23,TALLPPE_AGEN_NOTDIS_22,TALLPPE_AGEN_NOTDIS_21,TALLPPEGRD_AGEN_NOTDIS_23,TALLPPEGRD_AGEN_NOTDIS_22,TALLPPEGRD_AGEN_NOTDIS_21,TALLPUP_TLEV_NOTDIS_23,TALLPUP_TLEV_NOTDIS_22,TALLPUP_TLEV_NOTDIS_21,TALLPPE_TLEV_NOTDIS_23,TALLPPE_TLEV_NOTDIS_22,TALLPPE_TLEV_NOTDIS_21,TALLPPEGRD_TLEV_NOTDIS_23,TALLPPEGRD_TLEV_NOTDIS_22,TALLPPEGRD_TLEV_NOTDIS_21,TALLPUP_TECHCERT_NOTDIS_23,TALLPUP_TECHCERT_NOTDIS_22,TALLPUP_TECHCERT_NOTDIS_21,TALLPPE_TECHCERT_NOTDIS_23,TALLPPE_TECHCERT_NOTDIS_22,TALLPPE_TECHCERT_NOTDIS_21,TALLPPEGRD_TECHCERT_NOTDIS_23,TALLPPEGRD_TECHCERT_NOTDIS_22,TALLPPEGRD_TECHCERT_NOTDIS_21,T_SCOPEEX_E_NOTDIS_23,T_SCOPEEX_E_NOTDIS_22,T_SCOPEEX_E_NOTDIS_21,PROGEX_E_NOTDIS_23,PROGEX_E_NOTDIS_22,PROGEX_E_NOTDIS_21,T_SCOPEEX_M_NOTDIS_23,T_SCOPEEX_M_NOTDIS_22,T_SCOPEEX_M_NOTDIS_21,PROGEX_M_NOTDIS_23,PROGEX_M_NOTDIS_22,PROGEX_M_NOTDIS_21,ENTRIES_ALEV_NOTDIS_23,ENTRIES_ALEV_NOTDIS_22,ENTRIES_ALEV_NOTDIS_21,VA_INS_ALEV_NOTDIS_23,VA_INS_ALEV_NOTDIS_22,VA_INS_ALEV_NOTDIS_21,UCI_INS_ALEV_NOTDIS_23,UCI_INS_ALEV_NOTDIS_22,UCI_INS_ALEV_NOTDIS_21,LCI_INS_ALEV_NOTDIS_23,LCI_INS_ALEV_NOTDIS_22,LCI_INS_ALEV_NOTDIS_21,ENTRIES_ACAD_NOTDIS_23,ENTRIES_ACAD_NOTDIS_22,ENTRIES_ACAD_NOTDIS_21,VA_INS_ACAD_NOTDIS_23,VA_INS_ACAD_NOTDIS_22,VA_INS_ACAD_NOTDIS_21,UCI_INS_ACAD_NOTDIS_23,UCI_INS_ACAD_NOTDIS_22,UCI_INS_ACAD_NOTDIS_21,LCI_INS_ACAD_NOTDIS_23,LCI_INS_ACAD_NOTDIS_22,LCI_INS_ACAD_NOTDIS_21,ENTRIES_AGEN_NOTDIS_23,ENTRIES_AGEN_NOTDIS_22,ENTRIES_AGEN_NOTDIS_21,VA_INS_AGEN_NOTDIS_23,VA_INS_AGEN_NOTDIS_22,VA_INS_AGEN_NOTDIS_21,UCI_INS_AGEN_NOTDIS_23,UCI_INS_AGEN_NOTDIS_22,UCI_INS_AGEN_NOTDIS_21,LCI_INS_AGEN_NOTDIS_23,LCI_INS_AGEN_NOTDIS_22,LCI_INS_AGEN_NOTDIS_21,T_INSCOPE_ALEV_RET_NOTDIS_23,T_INSCOPE_ALEV_RET_NOTDIS_22,T_INSCOPE_ALEV_RET_NOTDIS_21,PT_RETAINED_ALEV_RET_NOTDIS_23,PT_RETAINED_ALEV_RET_NOTDIS_22,PT_RETAINED_ALEV_RET_NOTDIS_21,T_INSCOPE_ACAD_RET_NOTDIS_23,T_INSCOPE_ACAD_RET_NOTDIS_22,T_INSCOPE_ACAD_RET_NOTDIS_21,PT_RETAINED_ACAD_RET_NOTDIS_23,PT_RETAINED_ACAD_RET_NOTDIS_22,PT_RETAINED_ACAD_RET_NOTDIS_21,T_INSCOPE_AGEN_RET_NOTDIS_23,T_INSCOPE_AGEN_RET_NOTDIS_22,T_INSCOPE_AGEN_RET_NOTDIS_21,PT_RETAINED_AGEN_RET_NOTDIS_23,PT_RETAINED_AGEN_RET_NOTDIS_22,PT_RETAINED_AGEN_RET_NOTDIS_21,T_INSCOPE_TLEV_RET_NOTDIS_23,T_INSCOPE_TLEV_RET_NOTDIS_22,T_INSCOPE_TLEV_RET_NOTDIS_21,PT_RETAINED_TLEV_RET_NOTDIS_23,PT_RETAINED_TLEV_RET_NOTDIS_22,PT_RETAINED_TLEV_RET_NOTDIS_21,T_INSCOPE_TECHCERT_RET_NOTDIS_23,T_INSCOPE_TECHCERT_RET_NOTDIS_22,T_INSCOPE_TECHCERT_RET_NOTDIS_21,PT_RETAINED_TECHCERT_RET_NOTDIS_23,PT_RETAINED_TECHCERT_RET_NOTDIS_22,PT_RETAINED_TECHCERT_RET_NOTDIS_21
4,,36,5,870,,,,,,,,,,,,,0,,,,,,,,,,,,,,961,764,36.86,B-,655,37.38,B-,655,35.40%,767,36.87,B-,170,26.4,Merit,25,38.07,Dist+,28,89.30%,172,98.80%,,,,,,,,,757,95.80%,95.00%,756,94.80%,757,95.80%,95.00%,756,94.80%,131,75.60%,64.90%,129,71.30%,29,86.20%,86.20%,29,86.20%,NE,NE,NE,1,SUPP,SUPP,8,0.00%,120,69,27.27,C-,69,27.15,C-,25,20.35,Merit-,SUPP,SUPP,SUPP,,,,,71,93.00%,71,93.00%,27,70.40%,SUPP,SUPP,NE,NE,NE,NE,NE,814,673,37.98,B-,676,38,B-,136,27.35,Merit+,SUPP,SUPP,SUPP,,,,,661,96.50%,661,96.50%,101,77.20%,SUPP,SUPP,NE,NE,NE,SUPP,SUPP,NA,NA,NA,NA,NA,NA,NA,NA,NA,NA,NA,NA,NA,NA,NA,NA,NA,NA,NA,NA,NA,NA,NA,NA,NA,NA,NA,NA,NA,NA,NA,NA,NA,NA,NA,NA,NA,NA,NA,NA,NA,NA,NA,NA,NA,NA,NA,NA,NA,NA,NA,NA,888,869,,680,699,,38.31,41.92,,B-,B+,,686,702,,38.31,41.83,,B-,B+,,185,169,,27.28,30.61,,Merit+,Dist-,,23,33,,36.26,31.12,,Dist,Dist-,,3,3,,SUPP,SUPP,,SUPP,SUPP,,,,,,,,,,,,,,,,,,,,,,,,,,,,,,,,,,,,,,,,,,,,,,,,,,,,,,,,645,625,,94.90%,97.80%,,645,625,,94.90%,97.80%,,158,143,,87.30%,91.60%,,27,39,,81.50%,84.60%,,18,17,,88.90%,76.50%,,128,103,,66,63,,29.83,31.4,,C,C,,68,63,,29.8,31.31,,C,C,,29,29,,25.57,27.39,,Merit,Merit+,,SUPP,SUPP,,SUPP,SUPP,,SUPP,SUPP,,SUPP,SUPP,,SUPP,SUPP,,SUPP,SUPP,,,,,,,,,,,,,,,,,,,,,,,,,,,,,,,,,,,,,,,,,,,,,,,,,,67,47,,88.10%,97.90%,,67,47,,88.10%,97.90%,,26,25,,76.90%,92.00%,,SUPP,7,,SUPP,57.10%,,8,8,,87.50%,62.50%,,728,749,,594,623,,39.32,42.97,,B,B+,,598,626,,39.33,42.9,,B,B+,,148,137,,27.66,31.33,,Merit+,Dist-,,SUPP,SUPP,,SUPP,SUPP,,SUPP,SUPP,,SUPP,SUPP,,SUPP,SUPP,,SUPP,SUPP,,,,,,,,,,,,,,,,,,,,,,,,,,,,,,,,,,,,,,,,,,,,,,,,,,560,567,,95.90%,97.70%,,560,567,,95.90%,97.70%,,126,113,,89.70%,92.00%,,SUPP,32,,SUPP,90.60%,,9,9,,88.90%,88.90%
1,26662,36,5,870,4020,136307,E14001438,Reading Central,,Highdown School and Sixth Form Centre,Surley Row,Emmer Green,,Reading,RG4 8LR,1189015800,0,ACC,None,NSE,OTHER NON SEL,MIXED,0, 11-18,0,,,R,,296,162,144,32.25,C+,116,32.7,C+,116,12.10%,144,32.43,C+,32,24.93,Merit,NE,NE,NE,NE,NE,32,100.00%,,,,,,,,,144,97.20%,97.20%,144,97.20%,144,97.20%,97.20%,144,97.20%,12,33.30%,33.30%,12,33.30%,NE,NE,NE,NE,NE,NE,NE,NE,NE,NE,NE,NE,NE,13,10,23.93,D+,10,23.79,D+,SUPP,SUPP,SUPP,NE,NE,NE,,,,,9,100.00%,9,100.00%,SUPP,SUPP,NE,NE,NE,NE,NE,NE,NE,144,130,32.46,C+,130,32.67,C+,SUPP,SUPP,SUPP,NE,NE,NE,,,,,130,97.70%,130,97.70%,SUPP,SUPP,NE,NE,NE,NE,NE,NE,NE,368,-0.03,0.08,-0.14,3,397,-0.02,0.09,-0.13,3,31,-0.24,0.09,-0.57,3,NE,NE,NE,NE,NA,28,-0.14,0.29,-0.57,30,-0.12,0.3,-0.54,SUPP,SUPP,SUPP,SUPP,NE,NE,NE,NE,340,-0.02,0.09,-0.14,367,-0.01,0.1,-0.12,SUPP,SUPP,SUPP,SUPP,NE,NE,NE,NE,159,172,,138,147,,28.89,37.81,,C,B-,,139,147,,28.99,37.93,,C,B-,,30,24,,27.35,31.49,,Merit+,Dist-,,NE,NE,,NE,NE,,NE,NE,,NE,NE,,NE,NE,,NE,NE,,,,,,,,,,,,,,,,,,,,,,,,,,,,,,,,,,,,,,,,,,,,,,,,,,,,,,,,145,149,,92.40%,95.30%,,145,149,,92.40%,95.30%,,7,7,,71.40%,71.40%,,NE,NE,,NE,NE,,NE,NE,,NE,NE,,17,9,,14,7,,30.54,22.63,,C,D+,,14,7,,30.54,23.06,,C,D+,,SUPP,SUPP,,SUPP,SUPP,,SUPP,SUPP,,NE,NE,,NE,NE,,NE,NE,,NE,NE,,NE,NE,,NE,NE,,,,,,,,,,,,,,,,,,,,,,,,,,,,,,,,,,,,,,,,,,,,,,,,,,15,6,,93.30%,100.00%,,15,6,,93.30%,100.00%,,NE,SUPP,,NE,SUPP,,NE,NE,,NE,NE,,NE,NE,,NE,NE,,139,163,,121,140,,28.52,38.53,,C,B,,122,140,,28.65,38.64,,C,B,,SUPP,SUPP,,SUPP,SUPP,,SUPP,SUPP,,NE,NE,,NE,NE,,NE,NE,,NE,NE,,NE,NE,,NE,NE,,,,,,,,,,,,,,,,,,,,,,,,,,,,,,,,,,,,,,,,,,,,,,,,,,127,143,,92.10%,95.10%,,127,143,,92.10%,95.10%,,7,SUPP,,71.40%,SUPP,,NE,NE,,NE,NE,,NE,NE,,NE,NE
1,30992,36,5,870,5410,136876,E14001438,Reading Central,,King's Academy Prospect,Cockney Hill,Tilehurst,,Reading,RG30 4EX,1189590466,0,ACC,None,NSE,OTHER NON SEL,MIXED,0, 11-18,0,,,R,,128,53,36,23.97,D+,21,22.38,D+,21,0.00%,36,24.42,D+,13,27.68,Merit+,2,SUPP,SUPP,2,SUPP,13,100.00%,,,,,,,,,38,92.10%,86.80%,38,86.80%,38,92.10%,86.80%,38,86.80%,1,SUPP,SUPP,1,SUPP,2,SUPP,SUPP,2,SUPP,NE,NE,NE,NE,NE,NE,NE,NE,21,12,25.17,C-,12,25.25,C-,SUPP,SUPP,SUPP,NE,NE,NE,,,,,16,87.50%,16,87.50%,NE,NE,NE,NE,NE,NE,NE,NE,NE,31,24,23.36,D+,24,24.01,D+,SUPP,SUPP,SUPP,SUPP,SUPP,SUPP,,,,,21,100.00%,21,100.00%,SUPP,SUPP,SUPP,SUPP,NE,NE,NE,NE,NE,73,0.05,0.29,-0.19,3,80,0.1,0.33,-0.14,3,12,0.17,0.63,-0.29,3,SUPP,SUPP,SUPP,SUPP,NA,19,0.08,0.55,-0.39,21,0.12,0.58,-0.34,SUPP,SUPP,SUPP,SUPP,NE,NE,NE,NE,54,0.04,0.32,-0.25,59,0.09,0.36,-0.19,SUPP,SUPP,SUPP,SUPP,SUPP,SUPP,SUPP,SUPP,67,73,,45,47,,27.17,24.82,,C-,D+,,45,47,,27.3,25.28,,C-,C-,,22,22,,28.72,27.85,,Merit+,Merit+,,3,2,,SUPP,SUPP,,SUPP,SUPP,,3,3,,SUPP,SUPP,,SUPP,SUPP,,,,,,,,,,,,,,,,,,,,,,,,,,,,,,,,,,,,,,,,,,,,,,,,,,,,,,,,40,37,,87.50%,89.20%,,40,37,,87.50%,89.20%,,9,15,,66.70%,93.30%,,3,3,,SUPP,SUPP,,8,4,,75.00%,SUPP,,20,28,,10,16,,19.57,23.06,,D,D+,,10,16,,19.42,23.5,,D,D+,,6,6,,24.77,25,,Merit,Merit,,SUPP,SUPP,,SUPP,SUPP,,SUPP,SUPP,,SUPP,SUPP,,SUPP,SUPP,,SUPP,SUPP,,,,,,,,,,,,,,,,,,,,,,,,,,,,,,,,,,,,,,,,,,,,,,,,,,10,12,,80.00%,91.70%,,10,12,,80.00%,91.70%,,SUPP,SUPP,,SUPP,SUPP,,SUPP,SUPP,,SUPP,SUPP,,SUPP,SUPP,,SUPP,SUPP,,43,43,,32,30,,29.39,25.77,,C,C-,,32,30,,29.58,26.23,,C,C-,,15,16,,30.85,28.89,,Dist-,Merit+,,SUPP,SUPP,,SUPP,SUPP,,SUPP,SUPP,,SUPP,SUPP,,SUPP,SUPP,,SUPP,SUPP,,,,,,,,,,,,,,,,,,,,,,,,,,,,,,,,,,,,,,,,,,,,,,,,,,29,24,,89.70%,87.50%,,29,24,,89.70%,87.50%,,SUPP,SUPP,,SUPP,SUPP,,SUPP,SUPP,,SUPP,SUPP,,SUPP,SUPP,,SUPP,SUPP
1,33204,36,5,870,6001,110110,E14001210,Earley and Woodley,,Leighton Park School,Shinfield Road,,,Reading,RG2 7ED,1189879600,0,IND,Quaker,,NA,MIXED,0, 11-18,0,,,R,,178,83,73,41.47,B,44,43.64,B+,44,40.90%,83,40.52,B,7,37,Dist+,9,39.09,Dist+,9,100.00%,7,100.00%,,,,,,,,,NA,NA,NA,NA,NA,NA,NA,NA,NA,NA,NA,NA,NA,NA,NA,NA,NA,NA,NA,NA,NE,NE,NE,NA,NA,NA,NE,NE,NA,NA,NA,NA,NA,NA,NA,NA,NA,NA,NA,NA,NA,,,,,NA,NA,NA,NA,NA,NA,NA,NA,NA,NA,NA,NA,NA,NA,NA,NA,NA,NA,NA,NA,NA,NA,NA,NA,NA,NA,,,,,NA,NA,NA,NA,NA,NA,NA,NA,NA,NA,NA,NA,NA,167,0.02,0.18,-0.15,3,182,-0.02,0.14,-0.18,3,8,0.09,0.77,-0.58,3,11,0.4,0.97,-0.17,3,NA,NA,NA,NA,NA,NA,NA,NA,NA,NA,NA,NA,NA,NA,NA,NA,NA,NA,NA,NA,NA,NA,NA,NA,NA,NA,NA,NA,NA,NA,NA,NA,79,72,,64,47,,37.01,40.69,,B-,B,,77,62,,36.45,39.79,,B-,B,,5,4,,SUPP,SUPP,,SUPP,SUPP,,11,2,,36.54,SUPP,,Dist,SUPP,,NE,NE,,NE,NE,,NE,NE,,,,,,,,,,,,,,,,,,,,,,,,,,,,,,,,,,,,,,,,,,,,,,,,,,,,,,,,NA,NA,,NA,NA,,NA,NA,,NA,NA,,NA,NA,,NA,NA,,NA,NA,,NA,NA,,NA,NA,,NA,NA,,NA,NA,,NA,NA,,NA,NA,,NA,NA,,NA,NA,,NA,NA,,NA,NA,,NA,NA,,NA,NA,,NA,NA,,NA,NA,,NA,NA,,NA,NA,,NA,NA,,NA,NA,,NA,NA,,,,,,,,,,,,,,,,,,,,,,,,,,,,,,,,,,,,,,,,,,,,,,,,,,NA,NA,,NA,NA,,NA,NA,,NA,NA,,NA,NA,,NA,NA,,NA,NA,,NA,NA,,NA,NA,,NA,NA,,NA,NA,,NA,NA,,NA,NA,,NA,NA,,NA,NA,,NA,NA,,NA,NA,,NA,NA,,NA,NA,,NA,NA,,NA,NA,,NA,NA,,NA,NA,,NA,NA,,NA,NA,,NA,NA,,,,,,,,,,,,,,,,,,,,,,,,,,,,,,,,,,,,,,,,,,,,,,,,,,NA,NA,,NA,NA,,NA,NA,,NA,NA,,NA,NA,,NA,NA,,NA,NA,,NA,NA,,NA,NA,,NA,NA
1,29904,36,5,870,6905,130247,E14001210,Earley and Woodley,,John Madejski Academy,125 Hartland Road,,,Reading,RG2 8AF,1189370200,0,AC,Does not apply,NSE,OTHER NON SEL,MIXED,0, 11-18,0,,,R,,158,134,69,20.11,D,52,21.15,D,52,1.90%,70,20.46,D,43,26.88,Merit+,NE,NE,NE,3,SUPP,45,95.60%,,,,,,,,,72,84.70%,83.30%,72,83.30%,72,84.70%,83.30%,72,83.30%,52,75.00%,63.50%,50,68.00%,NE,NE,NE,NE,NE,NE,NE,NE,1,SUPP,SUPP,6,0.00%,29,11,16.8,D-,11,16.91,D-,8,19.14,Pass+,NE,NE,NE,,,,,13,76.90%,13,76.90%,12,66.70%,NE,NE,NE,NE,NE,NE,NE,101,55,20.93,D,56,21.34,D,32,28.57,Merit+,NE,NE,NE,,,,,56,85.70%,56,85.70%,39,79.50%,NE,NE,NE,NE,NE,SUPP,SUPP,143,-0.75,-0.57,-0.92,5,157,-0.72,-0.55,-0.89,5,37,-0.1,0.2,-0.39,3,NE,NE,NE,NE,NA,18,-0.99,-0.47,-1.51,20,-1.01,-0.51,-1.51,7,-0.5,0.2,-1.19,NE,NE,NE,NE,125,-0.71,-0.53,-0.89,137,-0.68,-0.5,-0.86,30,-0.02,0.31,-0.34,NE,NE,NE,NE,126,92,,45,41,,28.29,34.02,,C-,C+,,48,41,,28.41,34.12,,C,C+,,46,50,,29.54,32.86,,Merit+,Dist-,,NE,NE,,NE,NE,,NE,NE,,NE,NE,,NE,NE,,NE,NE,,,,,,,,,,,,,,,,,,,,,,,,,,,,,,,,,,,,,,,,,,,,,,,,,,,,,,,,50,35,,90.00%,94.30%,,50,35,,90.00%,94.30%,,51,43,,92.20%,97.70%,,NE,NE,,NE,NE,,10,13,,100.00%,76.90%,,33,20,,6,6,,22.86,36.15,,D+,B-,,8,6,,22.95,36.15,,D+,B-,,10,11,,25.87,32.07,,Merit,Dist-,,NE,NE,,NE,NE,,NE,NE,,NE,NE,,NE,NE,,NE,NE,,,,,,,,,,,,,,,,,,,,,,,,,,,,,,,,,,,,,,,,,,,,,,,,,,6,SUPP,,100.00%,SUPP,,6,SUPP,,100.00%,SUPP,,12,8,,91.70%,87.50%,,NE,NE,,NE,NE,,SUPP,6,,SUPP,50.00%,,84,63,,38,28,,29.6,31.72,,C,C+,,39,28,,29.75,31.85,,C,C+,,31,37,,30.93,33.45,,Dist-,Dist,,NE,NE,,NE,NE,,NE,NE,,NE,NE,,NE,NE,,NE,NE,,,,,,,,,,,,,,,,,,,,,,,,,,,,,,,,,,,,,,,,,,,,,,,,,,42,SUPP,,90.50%,SUPP,,42,SUPP,,90.50%,SUPP,,36,32,,91.70%,100.00%,,NE,NE,,NE,NE,,SUPP,7,,SUPP,100.00%
1,156,36,5,870,6008,110165,E14001438,Reading Central,,The Abbey School Reading,17 Kendrick Road,,,Reading,RG1 5DZ,1189872256,0,IND,Christian,,NA,GIRLS,0, 3-19,0,,,R,,196,97,74,46.29,A-,73,46.12,A-,73,53.40%,97,47.79,A-,NE,NE,NE,NE,NE,NE,NE,NE,NE,NE,,,,,,,,,NA,NA,NA,NA,NA,NA,NA,NA,NA,NA,NA,NA,NA,NA,NA,NA,NA,NA,NA,NA,NE,NE,NE,NA,NA,NA,NE,NE,NA,NA,NA,NA,NA,NA,NA,NA,NA,NA,NA,NA,NA,,,,,NA,NA,NA,NA,NA,NA,NA,NA,NA,NA,NA,NA,NA,NA,NA,NA,NA,NA,NA,NA,NA,NA,NA,NA,NA,NA,,,,,NA,NA,NA,NA,NA,NA,NA,NA,NA,NA,NA,NA,NA,222,0.18,0.33,0.04,2,265,0.27,0.41,0.14,2,NE,NE,NE,NE,NA,NE,NE,NE,NE,NA,NA,NA,NA,NA,NA,NA,NA,NA,NA,NA,NA,NA,NA,NA,NA,NA,NA,NA,NA,NA,NA,NA,NA,NA,NA,NA,NA,NA,NA,NA,NA,NA,85,76,,67,54,,46.05,50.42,,A-,A,,85,76,,46.37,49.99,,A-,A,,NE,NE,,NE,NE,,NE,NE,,NE,NE,,NE,NE,,NE,NE,,NE,NE,,NE,NE,,NE,NE,,,,,,,,,,,,,,,,,,,,,,,,,,,,,,,,,,,,,,,,,,,,,,,,,,,,,,,,NA,NA,,NA,NA,,NA,NA,,NA,NA,,NA,NA,,NA,NA,,NA,NA,,NA,NA,,NA,NA,,NA,NA,,NA,NA,,NA,NA,,NA,NA,,NA,NA,,NA,NA,,NA,NA,,NA,NA,,NA,NA,,NA,NA,,NA,NA,,NA,NA,,NA,NA,,NA,NA,,NA,NA,,NA,NA,,NA,NA,,,,,,,,,,,,,,,,,,,,,,,,,,,,,,,,,,,,,,,,,,,,,,,,,,NA,NA,,NA,NA,,NA,NA,,NA,NA,,NA,NA,,NA,NA,,NA,NA,,NA,NA,,NA,NA,,NA,NA,,NA,NA,,NA,NA,,NA,NA,,NA,NA,,NA,NA,,NA,NA,,NA,NA,,NA,NA,,NA,NA,,NA,NA,,NA,NA,,NA,NA,,NA,NA,,NA,NA,,NA,NA,,NA,NA,,,,,,,,,,,,,,,,,,,,,,,,,,,,,,,,,,,,,,,,,,,,,,,,,,NA,NA,,NA,NA,,NA,NA,,NA,NA,,NA,NA,,NA,NA,,NA,NA,,NA,NA,,NA,NA,,NA,NA
1,64154,36,5,870,4000,139268,E14001438,Reading Central,,UTC Reading,Crescent Road,East Reading,,Reading,RG1 5RQ,1189381020,0,UTC,None,NSE,OTHER NON SEL,MIXED,0, 14-19,0,,,R,,206,135,75,26.71,C-,62,26.13,C-,62,9.70%,77,26.85,C-,37,28.73,Merit+,23,38.48,Dist+,23,100.00%,37,100.00%,,,,,,,,,59,94.90%,93.20%,59,94.90%,59,94.90%,93.20%,59,94.90%,43,86.00%,81.40%,43,81.40%,27,85.20%,85.20%,27,85.20%,NE,NE,NE,NE,NE,NE,2,SUPP,12,6,20,D,6,20,D,SUPP,SUPP,SUPP,SUPP,SUPP,SUPP,,,,,SUPP,SUPP,SUPP,SUPP,SUPP,SUPP,SUPP,SUPP,NE,NE,NE,NE,NE,120,67,26.9,C-,69,27.06,C-,SUPP,SUPP,SUPP,SUPP,SUPP,SUPP,,,,,SUPP,SUPP,SUPP,SUPP,SUPP,SUPP,SUPP,SUPP,NE,NE,NE,NE,NE,193,-0.12,0.04,-0.28,3,202,-0.12,0.04,-0.28,3,28,-0.26,0.11,-0.63,3,20,0.73,1.12,0.35,2,15,-0.6,0.01,-1.21,15,-0.6,0.01,-1.21,SUPP,SUPP,SUPP,SUPP,SUPP,SUPP,SUPP,SUPP,178,-0.08,0.08,-0.25,187,-0.08,0.08,-0.25,SUPP,SUPP,SUPP,SUPP,SUPP,SUPP,SUPP,SUPP,98,116,,50,71,,25.33,22.17,,C-,D+,,51,74,,25.28,22.21,,C-,D+,,44,37,,27.82,31.06,,Merit+,Dist-,,20,31,,36.53,31.56,,Dist,Dist-,,NE,NE,,NE,NE,,NE,NE,,,,,,,,,,,,,,,,,,,,,,,,,,,,,,,,,,,,,,,,,,,,,,,,,,,,,,,,25,36,,96.00%,100.00%,,25,36,,96.00%,100.00%,,46,43,,89.10%,86.00%,,24,36,,79.20%,86.10%,,NE,NE,,NE,NE,,12,12,,SUPP,7,,SUPP,24.44,,SUPP,D+,,SUPP,7,,SUPP,24.44,,SUPP,D+,,SUPP,SUPP,,SUPP,SUPP,,SUPP,SUPP,,SUPP,SUPP,,SUPP,SUPP,,SUPP,SUPP,,NE,NE,,NE,NE,,NE,NE,,,,,,,,,,,,,,,,,,,,,,,,,,,,,,,,,,,,,,,,,,,,,,,,,,SUPP,SUPP,,SUPP,SUPP,,SUPP,SUPP,,SUPP,SUPP,,SUPP,SUPP,,SUPP,SUPP,,SUPP,SUPP,,SUPP,SUPP,,NE,NE,,NE,NE,,81,102,,SUPP,62,,SUPP,22.32,,SUPP,D+,,SUPP,65,,SUPP,22.36,,SUPP,D+,,SUPP,SUPP,,SUPP,SUPP,,SUPP,SUPP,,SUPP,SUPP,,SUPP,SUPP,,SUPP,SUPP,,NE,NE,,NE,NE,,NE,NE,,,,,,,,,,,,,,,,,,,,,,,,,,,,,,,,,,,,,,,,,,,,,,,,,,SUPP,SUPP,,SUPP,SUPP,,SUPP,SUPP,,SUPP,SUPP,,SUPP,SUPP,,SUPP,SUPP,,SUPP,SUPP,,SUPP,SUPP,,NE,NE,,NE,NE
1,46566,36,5,870,6011,137999,E14001438,Reading Central,,Red Balloon Learner Centre Reading,220-222 Kings Road,,,Reading,RG1 4JJ,1189583004,0,IND,None,,NA,MIXED,0, 11-17,0,,,R,,1,2,NE,NE,NE,NE,NE,NE,NE,NE,NE,NE,NE,NE,NE,NE,NE,NE,NE,NE,NE,NE,NE,,,,,,,,,NA,NA,NA,NA,NA,NA,NA,NA,NA,NA,NA,NA,NA,NA,NA,NA,NA,NA,NA,NA,NE,NE,NE,NA,NA,NA,NE,NE,NA,NA,NA,NA,NA,NA,NA,NA,NA,NA,NA,NA,NA,,,,,NA,NA,NA,NA,NA,NA,NA,NA,NA,NA,NA,NA,NA,NA,NA,NA,NA,NA,NA,NA,NA,NA,NA,NA,NA,NA,,,,,NA,NA,NA,NA,NA,NA,NA,NA,NA,NA,NA,NA,NA,NA,NA,NA,NA,NA,NA,NA,NA,NA,NA,NA,NA,NA,NA,NA,NA,NA,NA,NA,NA,NA,NA,NA,NA,NA,NA,NA,NA,NA,NA,NA,NA,NA,NA,NA,NA,NA,NA,NA,NA,NA,NA,NA,NA,NA,NA,NA,NA,NA,NA,NA,NA,1,3,,NE,NE,,NE,NE,,NE,NE,,NE,NE,,NE,NE,,NE,NE,,NE,NE,,NE,NE,,NE,NE,,NE,NE,,NE,NE,,NE,NE,,NE,NE,,NE,NE,,NE,NE,,,,,,,,,,,,,,,,,,,,,,,,,,,,,,,,,,,,,,,,,,,,,,,,,,,,,,,,NA,NA,,NA,NA,,NA,NA,,NA,NA,,NA,NA,,NA,NA,,NA,NA,,NA,NA,,NA,NA,,NA,NA,,NA,NA,,NA,NA,,NA,NA,,NA,NA,,NA,NA,,NA,NA,,NA,NA,,NA,NA,,NA,NA,,NA,NA,,NA,NA,,NA,NA,,NA,NA,,NA,NA,,NA,NA,,NA,NA,,,,,,,,,,,,,,,,,,,,,,,,,,,,,,,,,,,,,,,,,,,,,,,,,,NA,NA,,NA,NA,,NA,NA,,NA,NA,,NA,NA,,NA,NA,,NA,NA,,NA,NA,,NA,NA,,NA,NA,,NA,NA,,NA,NA,,NA,NA,,NA,NA,,NA,NA,,NA,NA,,NA,NA,,NA,NA,,NA,NA,,NA,NA,,NA,NA,,NA,NA,,NA,NA,,NA,NA,,NA,NA,,NA,NA,,,,,,,,,,,,,,,,,,,,,,,,,,,,,,,,,,,,,,,,,,,,,,,,,,NA,NA,,NA,NA,,NA,NA,,NA,NA,,NA,NA,,NA,NA,,NA,NA,,NA,NA,,NA,NA,,NA,NA
1,45718,36,5,870,6000,110109,E14001438,Reading Central,,Queen Anne's School,6 Henley Road,Caversham,,Reading,RG4 6DX,1189187300,0,IND,Church of England,,NA,GIRLS,0, 11-19,0,,,R,,136,71,69,39.03,B,61,40.55,B,61,19.70%,69,39.22,B,8,41,Dist+,NE,NE,NE,NE,NE,8,100.00%,,,,,,,,,NA,NA,NA,NA,NA,NA,NA,NA,NA,NA,NA,NA,NA,NA,NA,NA,NA,NA,NA,NA,NE,NE,NE,NA,NA,NA,NE,NE,NA,NA,NA,NA,NA,NA,NA,NA,NA,NA,NA,NA,NA,,,,,NA,NA,NA,NA,NA,NA,NA,NA,NA,NA,NA,NA,NA,NA,NA,NA,NA,NA,NA,NA,NA,NA,NA,NA,NA,NA,,,,,NA,NA,NA,NA,NA,NA,NA,NA,NA,NA,NA,NA,NA,195,0.02,0.16,-0.13,3,212,0.02,0.16,-0.13,3,8,0.76,1.32,0.2,1,NE,NE,NE,NE,NA,NA,NA,NA,NA,NA,NA,NA,NA,NA,NA,NA,NA,NA,NA,NA,NA,NA,NA,NA,NA,NA,NA,NA,NA,NA,NA,NA,NA,NA,NA,NA,NA,56,45,,55,44,,43.14,43.81,,B+,B+,,55,44,,43.37,43.94,,B+,B+,,NE,NE,,NE,NE,,NE,NE,,NE,NE,,NE,NE,,NE,NE,,NE,NE,,NE,NE,,NE,NE,,,,,,,,,,,,,,,,,,,,,,,,,,,,,,,,,,,,,,,,,,,,,,,,,,,,,,,,NA,NA,,NA,NA,,NA,NA,,NA,NA,,NA,NA,,NA,NA,,NA,NA,,NA,NA,,NA,NA,,NA,NA,,NA,NA,,NA,NA,,NA,NA,,NA,NA,,NA,NA,,NA,NA,,NA,NA,,NA,NA,,NA,NA,,NA,NA,,NA,NA,,NA,NA,,NA,NA,,NA,NA,,NA,NA,,NA,NA,,,,,,,,,,,,,,,,,,,,,,,,,,,,,,,,,,,,,,,,,,,,,,,,,,NA,NA,,NA,NA,,NA,NA,,NA,NA,,NA,NA,,NA,NA,,NA,NA,,NA,NA,,NA,NA,,NA,NA,,NA,NA,,NA,NA,,NA,NA,,NA,NA,,NA,NA,,NA,NA,,NA,NA,,NA,NA,,NA,NA,,NA,NA,,NA,NA,,NA,NA,,NA,NA,,NA,NA,,NA,NA,,NA,NA,,,,,,,,,,,,,,,,,,,,,,,,,,,,,,,,,,,,,,,,,,,,,,,,,,NA,NA,,NA,NA,,NA,NA,,NA,NA,,NA,NA,,NA,NA,,NA,NA,,NA,NA,,NA,NA,,NA,NA
1,41882,36,5,870,6037,134467,E14001438,Reading Central,,OneSchool Global Reading Senior Campus,14 Arkwright Road,Reading,,,RG2 0LU,3000700421,0,IND,Plymouth Brethren Christian Church,,NA,MIXED,0, 7-18,0,,,R,,12,15,NE,NE,NE,NE,NE,NE,NE,NE,7,38.57,B,13,26.36,Merit,NE,NE,NE,NE,NE,13,100.00%,,,,,,,,,NA,NA,NA,NA,NA,NA,NA,NA,NA,NA,NA,NA,NA,NA,NA,NA,NA,NA,NA,NA,NE,NE,NE,NA,NA,NA,NE,NE,NA,NA,NA,NA,NA,NA,NA,NA,NA,NA,NA,NA,NA,,,,,NA,NA,NA,NA,NA,NA,NA,NA,NA,NA,NA,NA,NA,NA,NA,NA,NA,NA,NA,NA,NA,NA,NA,NA,NA,NA,,,,,NA,NA,NA,NA,NA,NA,NA,NA,NA,NA,NA,NA,NA,NE,NE,NE,NE,NA,SUPP,SUPP,SUPP,SUPP,NA,10,-0.61,-0.03,-1.18,5,NE,NE,NE,NE,NA,NA,NA,NA,NA,NA,NA,NA,NA,NA,NA,NA,NA,NA,NA,NA,NA,NA,NA,NA,NA,NA,NA,NA,NA,NA,NA,NA,NA,NA,NA,NA,NA,9,10,,2,6,,SUPP,41.11,,SUPP,B,,5,6,,SUPP,41.11,,SUPP,B,,8,10,,26.89,42.95,,Merit+,Dist*-,,NE,NE,,NE,NE,,NE,NE,,NE,NE,,NE,NE,,NE,NE,,,,,,,,,,,,,,,,,,,,,,,,,,,,,,,,,,,,,,,,,,,,,,,,,,,,,,,,NA,NA,,NA,NA,,NA,NA,,NA,NA,,NA,NA,,NA,NA,,NA,NA,,NA,NA,,NA,NA,,NA,NA,,NA,NA,,NA,NA,,NA,NA,,NA,NA,,NA,NA,,NA,NA,,NA,NA,,NA,NA,,NA,NA,,NA,NA,,NA,NA,,NA,NA,,NA,NA,,NA,NA,,NA,NA,,NA,NA,,,,,,,,,,,,,,,,,,,,,,,,,,,,,,,,,,,,,,,,,,,,,,,,,,NA,NA,,NA,NA,,NA,NA,,NA,NA,,NA,NA,,NA,NA,,NA,NA,,NA,NA,,NA,NA,,NA,NA,,NA,NA,,NA,NA,,NA,NA,,NA,NA,,NA,NA,,NA,NA,,NA,NA,,NA,NA,,NA,NA,,NA,NA,,NA,NA,,NA,NA,,NA,NA,,NA,NA,,NA,NA,,NA,NA,,,,,,,,,,,,,,,,,,,,,,,,,,,,,,,,,,,,,,,,,,,,,,,,,,NA,NA,,NA,NA,,NA,NA,,NA,NA,,NA,NA,,NA,NA,,NA,NA,,NA,NA,,NA,NA,,NA,NA
1,6596,36,5,870,5411,110107,E14001438,Reading Central,,Blessed Hugh Faringdon Catholic School,Fawley Road,Southcote,,Reading,RG30 3EP,1189574730,0,VA,Roman Catholic,NSE,OTHER NON SEL,MIXED,0, 11-18,0,,,R,,101,54,44,28.52,C,34,29.9,C,34,5.90%,44,28.65,C,16,25.17,Merit,NE,NE,NE,NE,NE,16,100.00%,,,,,,,,,43,95.30%,95.30%,43,90.70%,43,95.30%,95.30%,43,90.70%,11,90.90%,45.50%,11,90.90%,NE,NE,NE,NE,NE,NE,NE,NE,NE,NE,NE,NE,NE,11,7,21.11,D,7,21.4,D,SUPP,SUPP,SUPP,NE,NE,NE,,,,,7,100.00%,7,100.00%,SUPP,SUPP,NE,NE,NE,NE,NE,NE,NE,43,37,29.81,C,37,29.92,C,SUPP,SUPP,SUPP,NE,NE,NE,,,,,36,94.40%,36,94.40%,SUPP,SUPP,NE,NE,NE,NE,NE,NE,NE,119,-0.29,-0.1,-0.48,4,125,-0.29,-0.1,-0.48,4,23,-0.3,0.06,-0.66,3,NE,NE,NE,NE,NA,15,-0.71,-0.16,-1.26,16,-0.7,-0.16,-1.25,6,-0.67,0.04,-1.38,NE,NE,NE,NE,104,-0.23,-0.02,-0.43,109,-0.23,-0.03,-0.43,17,-0.17,0.25,-0.59,NE,NE,NE,NE,47,35,,34,32,,28.3,36.17,,C-,B-,,34,32,,28.88,36.41,,C,B-,,18,6,,26.19,37.78,,Merit,Dist+,,NE,NE,,NE,NE,,NE,NE,,NE,NE,,NE,NE,,NE,NE,,,,,,,,,,,,,,,,,,,,,,,,,,,,,,,,,,,,,,,,,,,,,,,,,,,,,,,,33,32,,90.90%,100.00%,,33,32,,90.90%,100.00%,,14,3,,100.00%,SUPP,,NE,NE,,NE,NE,,NE,NE,,NE,NE,,6,SUPP,,SUPP,SUPP,,SUPP,SUPP,,SUPP,SUPP,,SUPP,SUPP,,SUPP,SUPP,,SUPP,SUPP,,SUPP,NE,,SUPP,NE,,SUPP,NE,,NE,NE,,NE,NE,,NE,NE,,NE,NE,,NE,NE,,NE,NE,,,,,,,,,,,,,,,,,,,,,,,,,,,,,,,,,,,,,,,,,,,,,,,,,,SUPP,SUPP,,SUPP,SUPP,,SUPP,SUPP,,SUPP,SUPP,,SUPP,NE,,SUPP,NE,,NE,NE,,NE,NE,,NE,NE,,NE,NE,,40,SUPP,,SUPP,SUPP,,SUPP,SUPP,,SUPP,SUPP,,SUPP,SUPP,,SUPP,SUPP,,SUPP,SUPP,,SUPP,6,,SUPP,37.78,,SUPP,Dist+,,NE,NE,,NE,NE,,NE,NE,,NE,NE,,NE,NE,,NE,NE,,,,,,,,,,,,,,,,,,,,,,,,,,,,,,,,,,,,,,,,,,,,,,,,,,SUPP,SUPP,,SUPP,SUPP,,SUPP,SUPP,,SUPP,SUPP,,SUPP,SUPP,,SUPP,SUPP,,NE,NE,,NE,NE,,NE,NE,,NE,NE
1,30296,36,5,870,5413,136448,E14001438,Reading Central,,Kendrick School,London Road,,,Reading,RG1 5BN,1189015859,0,ACC,None,SEL,SEL,GIRLS,0, 11-18,0,,,R,,294,144,143,44.68,B+,143,44.92,B+,143,53.10%,143,44.77,B+,NE,NE,NE,NE,NE,NE,NE,NE,NE,NE,,,,,,,,,145,98.60%,98.60%,145,98.60%,145,98.60%,98.60%,145,98.60%,NE,NE,NE,NE,NE,NE,NE,NE,NE,NE,NE,NE,NE,NE,NE,NE,NE,NE,9,9,36.84,B-,9,36.91,B-,NE,NE,NE,NE,NE,NE,,,,,9,100.00%,9,100.00%,NE,NE,NE,NE,NE,NE,NE,NE,NE,135,134,45.17,A-,134,45.27,A-,NE,NE,NE,NE,NE,NE,,,,,136,98.50%,136,98.50%,NE,NE,NE,NE,NE,NE,NE,NE,NE,497,-0.14,-0.05,-0.24,4,529,-0.14,-0.04,-0.23,4,NE,NE,NE,NE,NA,NE,NE,NE,NE,NA,30,-0.23,0.19,-0.65,32,-0.23,0.19,-0.64,NE,NE,NE,NE,NE,NE,NE,NE,467,-0.14,-0.04,-0.24,497,-0.13,-0.03,-0.23,NE,NE,NE,NE,NE,NE,NE,NE,142,140,,139,138,,46.77,49.63,,A-,A,,139,138,,46.83,49.47,,A-,A,,NE,NE,,NE,NE,,NE,NE,,NE,NE,,NE,NE,,NE,NE,,NE,NE,,NE,NE,,NE,NE,,,,,,,,,,,,,,,,,,,,,,,,,,,,,,,,,,,,,,,,,,,,,,,,,,,,,,,,141,139,,97.90%,99.30%,,141,139,,97.90%,99.30%,,NE,NE,,NE,NE,,NE,NE,,NE,NE,,NE,NE,,NE,NE,,13,6,,13,6,,39.19,46.15,,B,A-,,13,6,,39.48,45.88,,B,A-,,NE,NE,,NE,NE,,NE,NE,,NE,NE,,NE,NE,,NE,NE,,NE,NE,,NE,NE,,NE,NE,,,,,,,,,,,,,,,,,,,,,,,,,,,,,,,,,,,,,,,,,,,,,,,,,,13,6,,100.00%,100.00%,,13,6,,100.00%,100.00%,,NE,NE,,NE,NE,,NE,NE,,NE,NE,,NE,NE,,NE,NE,,129,134,,126,132,,47.54,49.79,,A-,A,,126,132,,47.58,49.64,,A-,A,,NE,NE,,NE,NE,,NE,NE,,NE,NE,,NE,NE,,NE,NE,,NE,NE,,NE,NE,,NE,NE,,,,,,,,,,,,,,,,,,,,,,,,,,,,,,,,,,,,,,,,,,,,,,,,,,128,133,,97.70%,99.20%,,128,133,,97.70%,99.20%,,NE,NE,,NE,NE,,NE,NE,,NE,NE,,NE,NE,,NE,NE
1,52606,36,5,870,6002,110111,E14001438,Reading Central,,St Joseph's College,Upper Redlands Road,Reading,Berkshire,,RG1 5JT,1189661000,0,IND,None,,NA,MIXED,0, 3-18,0,,,R,,92,48,48,43.32,B+,47,43.33,B+,47,31.90%,48,43.33,B+,NE,NE,NE,NE,NE,NE,NE,NE,NE,NE,,,,,,,,,NA,NA,NA,NA,NA,NA,NA,NA,NA,NA,NA,NA,NA,NA,NA,NA,NA,NA,NA,NA,NE,NE,NE,NA,NA,NA,NE,NE,NA,NA,NA,NA,NA,NA,NA,NA,NA,NA,NA,NA,NA,,,,,NA,NA,NA,NA,NA,NA,NA,NA,NA,NA,NA,NA,NA,NA,NA,NA,NA,NA,NA,NA,NA,NA,NA,NA,NA,NA,,,,,NA,NA,NA,NA,NA,NA,NA,NA,NA,NA,NA,NA,NA,138,0.36,0.54,0.18,2,156,0.36,0.53,0.19,2,NE,NE,NE,NE,NA,NE,NE,NE,NE,NA,NA,NA,NA,NA,NA,NA,NA,NA,NA,NA,NA,NA,NA,NA,NA,NA,NA,NA,NA,NA,NA,NA,NA,NA,NA,NA,NA,NA,NA,NA,NA,NA,48,48,,48,48,,37.47,41.82,,B-,B+,,48,48,,37.91,41.65,,B-,B,,NE,NE,,NE,NE,,NE,NE,,NE,NE,,NE,NE,,NE,NE,,NE,NE,,NE,NE,,NE,NE,,,,,,,,,,,,,,,,,,,,,,,,,,,,,,,,,,,,,,,,,,,,,,,,,,,,,,,,NA,NA,,NA,NA,,NA,NA,,NA,NA,,NA,NA,,NA,NA,,NA,NA,,NA,NA,,NA,NA,,NA,NA,,NA,NA,,NA,NA,,NA,NA,,NA,NA,,NA,NA,,NA,NA,,NA,NA,,NA,NA,,NA,NA,,NA,NA,,NA,NA,,NA,NA,,NA,NA,,NA,NA,,NA,NA,,NA,NA,,,,,,,,,,,,,,,,,,,,,,,,,,,,,,,,,,,,,,,,,,,,,,,,,,NA,NA,,NA,NA,,NA,NA,,NA,NA,,NA,NA,,NA,NA,,NA,NA,,NA,NA,,NA,NA,,NA,NA,,NA,NA,,NA,NA,,NA,NA,,NA,NA,,NA,NA,,NA,NA,,NA,NA,,NA,NA,,NA,NA,,NA,NA,,NA,NA,,NA,NA,,NA,NA,,NA,NA,,NA,NA,,NA,NA,,,,,,,,,,,,,,,,,,,,,,,,,,,,,,,,,,,,,,,,,,,,,,,,,,NA,NA,,NA,NA,,NA,NA,,NA,NA,,NA,NA,,NA,NA,,NA,NA,,NA,NA,,NA,NA,,NA,NA
1,69322,36,5,870,4002,142121,E14001438,Reading Central,,The WREN School,61-63 Bath Road,,,Reading,RG30 2BB,1182143888,0,F,None,NR,NA,MIXED,0, 11-19,0,,,R,,153,80,66,21.83,D+,40,21.17,D,40,2.50%,66,21.8,D+,29,21.79,Merit-,NE,NE,NE,NE,NE,29,100.00%,,,,,,,,,69,89.90%,87.00%,68,86.80%,69,89.90%,87.00%,68,86.80%,12,75.00%,66.70%,12,75.00%,NE,NE,NE,NE,NE,NE,NE,NE,NE,NE,NE,NE,NE,12,8,15.63,D-,8,15.31,D-,SUPP,SUPP,SUPP,NE,NE,NE,,,,,6,100.00%,6,100.00%,6,66.70%,NE,NE,NE,NE,NE,NE,NE,56,47,23.22,D+,47,23.23,D+,SUPP,SUPP,SUPP,NE,NE,NE,,,,,50,90.00%,50,90.00%,6,83.30%,NE,NE,NE,NE,NE,NE,NE,122,-0.31,-0.13,-0.49,4,148,-0.33,-0.15,-0.5,4,24,-0.31,0.03,-0.65,3,NE,NE,NE,NE,NA,15,-0.62,-0.07,-1.16,20,-0.66,-0.16,-1.17,SUPP,SUPP,SUPP,SUPP,NE,NE,NE,NE,107,-0.26,-0.07,-0.46,128,-0.28,-0.09,-0.46,SUPP,SUPP,SUPP,SUPP,NE,NE,NE,NE,72,49,,58,41,,22.74,22.35,,D+,D+,,59,41,,22.87,22.2,,D+,D+,,25,30,,18.55,25,,Pass+,Merit,,NE,NE,,NE,NE,,NE,NE,,NE,NE,,NE,NE,,NE,NE,,,,,,,,,,,,,,,,,,,,,,,,,,,,,,,,,,,,,,,,,,,,,,,,,,,,,,,,39,15,,89.70%,100.00%,,39,15,,89.70%,100.00%,,31,32,,80.60%,93.80%,,NE,NE,,NE,NE,,NE,NE,,NE,NE,,17,14,,10,11,,16.8,23.18,,D-,D+,,10,11,,17.05,22.34,,D-,D+,,SUPP,7,,SUPP,21.15,,SUPP,Merit-,,NE,NE,,NE,NE,,NE,NE,,NE,NE,,NE,NE,,NE,NE,,,,,,,,,,,,,,,,,,,,,,,,,,,,,,,,,,,,,,,,,,,,,,,,,,10,SUPP,,70.00%,SUPP,,10,SUPP,,70.00%,SUPP,,6,8,,33.30%,87.50%,,NE,NE,,NE,NE,,NE,NE,,NE,NE,,49,32,,43,28,,22.2,21.3,,D+,D,,44,28,,22.4,21.65,,D+,D,,SUPP,22,,SUPP,26.07,,SUPP,Merit,,NE,NE,,NE,NE,,NE,NE,,NE,NE,,NE,NE,,NE,NE,,,,,,,,,,,,,,,,,,,,,,,,,,,,,,,,,,,,,,,,,,,,,,,,,,25,SUPP,,100.00%,SUPP,,25,SUPP,,100.00%,SUPP,,23,23,,91.30%,95.70%,,NE,NE,,NE,NE,,NE,NE,,NE,NE
1,46526,36,5,870,5401,136449,E14001438,Reading Central,,Reading School,Erleigh Road,,,Reading,RG1 5LW,1189015600,0,ACC,None,SEL,SEL,BOYS,0, 11-18,0,,,R,,382,187,187,49.14,A,187,49.29,A,187,70.60%,187,49.15,A,NE,NE,NE,NE,NE,NE,NE,NE,NE,NE,,,,,,,,,187,100.00%,100.00%,187,100.00%,187,100.00%,100.00%,187,100.00%,NE,NE,NE,NE,NE,NE,NE,NE,NE,NE,NE,NE,NE,NE,NE,NE,NE,NE,6,6,53.81,A+,6,53.9,A+,NE,NE,NE,NE,NE,NE,,,,,6,100.00%,6,100.00%,NE,NE,NE,NE,NE,NE,NE,NE,NE,179,179,49.04,A,179,49.04,A,NE,NE,NE,NE,NE,NE,,,,,179,100.00%,179,100.00%,NE,NE,NE,NE,NE,NE,NE,NE,NE,627,0.26,0.35,0.17,2,638,0.26,0.35,0.17,2,NE,NE,NE,NE,NA,NE,NE,NE,NE,NA,21,0.38,0.91,-0.14,22,0.39,0.91,-0.13,NE,NE,NE,NE,NE,NE,NE,NE,606,0.26,0.35,0.17,616,0.26,0.35,0.17,NE,NE,NE,NE,NE,NE,NE,NE,172,182,,171,182,,49.61,51.94,,A,A+,,171,182,,49.62,51.93,,A,A+,,NE,NE,,NE,NE,,NE,NE,,NE,NE,,NE,NE,,NE,NE,,NE,NE,,NE,NE,,NE,NE,,,,,,,,,,,,,,,,,,,,,,,,,,,,,,,,,,,,,,,,,,,,,,,,,,,,,,,,172,182,,99.40%,100.00%,,172,182,,99.40%,100.00%,,NE,NE,,NE,NE,,NE,NE,,NE,NE,,NE,NE,,NE,NE,,SUPP,8,,SUPP,8,,SUPP,49.63,,SUPP,A,,SUPP,8,,SUPP,49.52,,SUPP,A,,NE,NE,,NE,NE,,NE,NE,,NE,NE,,NE,NE,,NE,NE,,NE,NE,,NE,NE,,NE,NE,,,,,,,,,,,,,,,,,,,,,,,,,,,,,,,,,,,,,,,,,,,,,,,,,,SUPP,8,,SUPP,100.00%,,SUPP,8,,SUPP,100.00%,,NE,NE,,NE,NE,,NE,NE,,NE,NE,,NE,NE,,NE,NE,,SUPP,173,,SUPP,173,,SUPP,52,,SUPP,A+,,SUPP,173,,SUPP,51.99,,SUPP,A+,,NE,NE,,NE,NE,,NE,NE,,NE,NE,,NE,NE,,NE,NE,,NE,NE,,NE,NE,,NE,NE,,,,,,,,,,,,,,,,,,,,,,,,,,,,,,,,,,,,,,,,,,,,,,,,,,SUPP,173,,SUPP,100.00%,,SUPP,173,,SUPP,100.00%,,NE,NE,,NE,NE,,NE,NE,,NE,NE,,NE,NE,,NE,NE
7,,,,,,,,,,,,,,,,,,,,,,,,  ,,,,,,,569121,262421,34.38,C+,194371,35.08,B-,194371,17.10%,267709,34.45,C+,128627,29.09,Merit+,27170,28.11,Merit+,92621,29.30%,191514,68.00%,,,,,,,,,242557,92.30%,91.50%,241269,91.00%,244564,92.20%,91.50%,243153,90.80%,106527,85.30%,79.90%,104840,73.90%,30176,87.20%,73.90%,29578,75.90%,8487,5.63,L2Merit-,10214,84.10%,64.10%,67374,10.60%,132531,36900,30.15,C,37815,30.15,C,28712,27.29,Merit+,6332,25.81,Merit,,,,,34479,86.20%,34712,86.20%,28183,80.60%,7844,83.70%,2661,5.48,L2Pass+,3500,81.20%,416214,221518,35.05,B-,225658,35.13,B-,97717,29.65,Merit+,20347,28.74,Merit+,,,,,204669,93.30%,206323,93.30%,76614,86.90%,21917,88.40%,5665,5.69,L2Merit-,6540,85.40%,675624,-0.03,-0.03,-0.03,NA,723532,-0.03,-0.03,-0.03,NA,135748,0,0,-0.01,NA,17358,0,0.02,-0.01,NA,88503,-0.14,-0.14,-0.15,93606,-0.15,-0.14,-0.15,28567,-0.04,-0.03,-0.05,3625,-0.06,-0.03,-0.1,587121,-0.01,-0.01,-0.02,629926,-0.01,-0.01,-0.02,107181,0.01,0.02,0.01,13733,0.02,0.04,0.01,554653,549352,,255992,249723,,34.16,37.86,,C+,B-,,260760,253807,,34.26,37.93,,C+,B-,,120950,117666,,29.52,31.91,,Merit+,Dist-,,27868,28350,,28.5,30.54,,Merit+,Dist-,,3844,1401,,5.68,5.88,,L2Merit-,L2Merit,,,,,,,,,,,,,,,,,,,,,,,,,,,,,,,,,,,,,,,,,,,,,,,,,,,,,,,,236796,227494,,93.60%,95.10%,,238612,229453,,93.50%,95.00%,,104950,102100,,87.20%,91.70%,,33165,33664,,88.30%,91.10%,,9964,9137,,85.30%,86.60%,,129803,129548,,36459,35592,,29.91,33.46,,C,C+,,37347,36304,,29.96,33.49,,C,C+,,27201,27007,,27.7,29.97,,Merit+,Merit+,,6470,6530,,26.38,27.99,,Merit,Merit+,,1316,454,,5.58,5.73,,L2Merit-,L2Merit-,,,,,,,,,,,,,,,,,,,,,,,,,,,,,,,,,,,,,,,,,,,,,,,,,,33634,32081,,88.40%,90.90%,,33846,32330,,88.30%,90.90%,,28107,27124,,83.50%,89.20%,,8698,8732,,85.30%,88.40%,,3478,3193,,83.50%,85.30%,,408698,405362,,216794,211909,,34.82,38.55,,C+,B,,220515,215119,,34.92,38.61,,C+,B,,92289,89552,,30.1,32.55,,Dist-,Dist-,,21098,21564,,29.1,31.3,,Merit+,Dist-,,2430,892,,5.72,5.95,,L2Merit-,L2Merit,,,,,,,,,,,,,,,,,,,,,,,,,,,,,,,,,,,,,,,,,,,,,,,,,,200571,192987,,94.50%,95.80%,,202091,194561,,94.50%,95.80%,,75530,73813,,88.60%,92.60%,,24138,24658,,89.40%,92.10%,,6330,5822,,86.30%,87.30%
5,,,,,,,,,,,,,,,,,,,,,,,,,,,,,,,610821,299335,35.55,B-,225775,36.21,B-,225775,19.70%,306605,35.69,B-,131263,29.17,Merit+,27354,28.14,Merit+,93482,29.30%,194688,68.30%,,,,,,,,,242557,NA,NA,241269,NA,244564,NA,NA,243153,NA,106527,NA,NA,104840,NA,30176,NA,NA,29578,NA,8495,5.63,L2Merit-,10214,NA,NA,67458,10.60%,,,NA,NA,,NA,NA,,NA,NA,,NA,NA,,,,,,NA,,NA,,NA,,NA,,NA,NA,,NA,,,NA,NA,,NA,NA,,NA,NA,,NA,NA,,,,,,NA,,NA,,NA,,NA,,NA,NA,,NA,NA,NA,NA,NA,NA,NA,NA,NA,NA,NA,NA,NA,NA,NA,NA,NA,NA,NA,NA,NA,NA,NA,NA,NA,NA,NA,NA,NA,NA,NA,NA,NA,NA,NA,NA,NA,NA,NA,NA,NA,NA,NA,NA,NA,NA,NA,NA,NA,NA,NA,NA,NA,595296,589479,,292201,284381,,35.29,38.87,,B-,B,,298860,290346,,35.48,39.04,,B-,B,,123265,119853,,29.56,31.98,,Merit+,Dist-,,28022,28535,,28.52,30.56,,Merit+,Dist-,,3847,1404,,5.68,5.88,,L2Merit-,L2Merit,,,,,,,,,,,,,,,,,,,,,,,,,,,,,,,,,,,,,,,,,,,,,,,,,,,,,,,,236796,227494,,NA,NA,,238612,229453,,NA,NA,,104950,102100,,NA,NA,,33165,33664,,NA,NA,,9964,9137,,NA,NA,,,,,,,,NA,NA,,NA,NA,,,,,NA,NA,,NA,NA,,,,,NA,NA,,NA,NA,,,,,NA,NA,,NA,NA,,,,,NA,NA,,NA,NA,,,,,,,,,,,,,,,,,,,,,,,,,,,,,,,,,,,,,,,,,,,,,,,,,,,,,NA,NA,,,,,NA,NA,,,,,NA,NA,,,,,NA,NA,,,,,NA,NA,,,,,,,,NA,NA,,NA,NA,,,,,NA,NA,,NA,NA,,,,,NA,NA,,NA,NA,,,,,NA,NA,,NA,NA,,,,,NA,NA,,NA,NA,,,,,,,,,,,,,,,,,,,,,,,,,,,,,,,,,,,,,,,,,,,,,,,,,,,,,NA,NA,,,,,NA,NA,,,,,NA,NA,,,,,NA,NA,,,,,NA,NA